clust_1,clust_2,GCL,SGZ,CA4,CA3,ML,clust_8
MTRNR2L12,DBNDD2,PPFIA2,KIF5A,SPOCK1,DYNLL1,NA,TTR
ATP1B2,SIRT2,PKD1,APC,LYNX1,VXN,NA,IGFBP7
MTRNR2L8,CNP,CRIP2,NA,PGRMC1,MDH1,NA,MYL6
BCAN,FEZ1,NCDN,NA,NRIP3,NDUFA5,NA,SERF2
ADGRG1,MTURN,CD24,NA,OPCML,NDUFA4,NA,VIM
PTPRZ1,PLP1,MRTFB,NA,SV2B,MYL12B,NA,CD59
LINC00632,MARCKSL1,NISCH,NA,DHCR24,UQCR10,NA,S100A6
APOE,SCD,ATP1A1,NA,SCOC,SOD1,NA,RACK1
GLUD1,MBP,APMAP,NA,PRKCA,UQCRH,NA,FABP5
ATP1A2,GPRC5B,ZSCAN18,NA,AAK1,PFN2,NA,RPL5
ENHO,MOBP,THRA,NA,APBA2,VSNL1,NA,B2M
MT3,CRYAB,FHL1,NA,INPP5F,TMSB4X,NA,TPT1
SLC1A3,QKI,SLC8A2,NA,AMPH,COX6C,NA,RPS8
MT1E,TPPP,OGA,NA,NORAD,PPIA,NA,EEF1B2
C1orf61,SEPTIN7,PEG10,NA,HOPX,ATP5MPL,NA,RPL8
SPARCL1,STMN1,BMERB1,NA,SYNGR1,ATP5IF1,NA,TMEM59
NA,S100B,FAM168B,NA,SLC9A6,NNAT,NA,RPL12
NA,FIS1,PHYHIP,NA,AP2B1,UQCRFS1,NA,CD63
NA,FTH1,STMN4,NA,ANXA6,GNG3,NA,APOD
NA,PRDX1,ADGRB2,NA,ATP6V1B2,EPS15,NA,EEF1G
NA,DPYSL2,KCNIP2,NA,AUXG01000058.1,ATP6AP2,NA,RPS24
NA,H3F3A,MEG3,NA,ATP6V0D1,SNX3,NA,RPL18A
NA,PTMA,ICAM5,NA,NCALD,MAPK10,NA,RPL35A
NA,APLP1,EIF4A1,NA,TUBA1B,CALM2,NA,RPS4X
NA,SPARC,CX3CL1,NA,ATP6V0A1,ATP5MD,NA,HLA-B
NA,GPM6B,NCAM2,NA,SYN2,CAPZA2,NA,RPL22
NA,DST,BTBD3,NA,DYNC1H1,SKP1,NA,RPL19
NA,TBCB,NPTX2,NA,KIT,C9orf16,NA,RPL6
NA,TUBA1A,GABARAPL1,NA,CLIP3,COPS9,NA,RPS6
NA,C4orf48,OLFM1,NA,NSF,YWHAB,NA,RPL10
NA,FTL,TMSB10,NA,HMGCR,PI4KA,NA,RPL14
NA,C1orf122,HNRNPDL,NA,ATP1B1,ATP6V1E1,NA,RPS7
NA,METRN,DDX5,NA,EPHA4,SCG5,NA,RPL11
NA,CD81,MAP7D1,NA,GHITM,MICOS13,NA,RPL17
NA,APOD,DCTN1,NA,SCN3B,NDUFC2,NA,RPL39
NA,ADD3,SYNE1,NA,TMEM9,ARPC3,NA,RPS13
NA,DBI,SLIT1,NA,GALNT17,LMO4,NA,RPS17
NA,SNHG6,PPP1CB,NA,YWHAG,CCDC85B,NA,RPL3
NA,GFAP,BAIAP2,NA,SYNJ1,VDAC1,NA,RPL13A
NA,ST13,NAPA,NA,B3GAT2,HSPA8,NA,NACA
NA,RPS3,ABR,NA,PPP2R1A,HINT1,NA,LINC00632
NA,PTGDS,ANKS1B,NA,B4GAT1,ATP5MC3,NA,RPL23
NA,TRIM2,NPTN,NA,SV2A,PEBP1,NA,CALR
NA,H3F3B,CAMK2N1,NA,CPNE6,BEX3,NA,RPL34
NA,RPSA,ZFAND5,NA,ATP6V0E2,CFL1,NA,RPS15A
NA,RPL30,NRN1,NA,NPTXR,NEFL,NA,RPS11
NA,NDRG2,C11orf87,NA,ABHD12,SARS,NA,RPS3
NA,NCAM1,KLHL2,NA,CEND1,CHN1,NA,COMMD6
NA,AGT,DCLK1,NA,CACNG8,ATP5F1B,NA,UQCRB
NA,EDIL3,EDIL3,NA,PPP2CA,ATP6V0E2,NA,MALAT1
NA,SCD5,STXBP1,NA,TOLLIP,OAZ1,NA,RPS25
NA,RPS9,PTMS,NA,WSB2,EPHA4,NA,RPL24
NA,RHOA,NBEA,NA,SERINC3,CACYBP,NA,ST13
NA,FAU,NRGN,NA,SYT4,SNRPN,NA,RPS16
NA,RPS15,FKBP1A,NA,SYN1,OCIAD1,NA,RPS12
NA,RPS13,PRKACB,NA,KIFAP3,STMN2,NA,RPL30
NA,RPS12,ABI2,NA,ARL6IP1,ATP2A2,NA,RPL29
NA,AQP4,PLPPR2,NA,RTN3,CNIH2,NA,RPL9
NA,RPL11,FAM131A,NA,KIF3A,SNCA,NA,LGALS1
NA,RPS27A,MORF4L2,NA,DMXL2,SV2B,NA,ROMO1
NA,HMGB1,SYNPR,NA,LMO4,COX5A,NA,RPL36A
NA,RPS6,CACNA1E,NA,VXN,PGK1,NA,RPS3A
NA,RHOB,WDR1,NA,ARHGAP35,PCMT1,NA,RPL27A
NA,RPS5,TMEM130,NA,PPP3CB,TUBA1B,NA,PRDX5
NA,TTYH1,HPCAL4,NA,CNTNAP1,SLC25A4,NA,RPS23
NA,RPL19,SEZ6L,NA,DYNC1I1,NDUFAB1,NA,RPS20
NA,CIRBP,NPTX1,NA,BSN,DYNLRB1,NA,RPS14
NA,RPL10,ARHGEF9,NA,KLC1,COX7B,NA,RPL7
NA,RPS23,RUNDC3A,NA,SLC17A7,SYT1,NA,POLR2L
NA,GLUL,GABRB3,NA,NDFIP1,ATP5MF,NA,RPS2
NA,RPL37,MAST3,NA,SYT1,AK5,NA,PTGDS
NA,GABARAP,TOMM20,NA,PRDX2,MDH2,NA,NME2
NA,BCAN,CDK5R1,NA,HMGCS1,MGST3,NA,RPL7A
NA,RPL37A,CAMK2B,NA,PREPL,RTN1,NA,RPS5
NA,RPS27,SNHG14,NA,DNM1,NEFM,NA,ADIRF
NA,RPS16,PTK2B,NA,PRKCE,PPP3R1,NA,RPLP0
NA,RPL21,MAPK8IP3,NA,YWHAB,ABHD12,NA,RPS10
NA,RPS26,VSTM2L,NA,CCK,PRKCA,NA,GABARAP
NA,RPS15A,ATP8A1,NA,SH3GL2,LY6H,NA,RPL18
NA,PRDX6,CLSTN2,NA,CNTN1,MIF,NA,NDUFA1
NA,COMMD6,EIF4A2,NA,PFKP,CEND1,NA,RPL26
NA,FAM107A,GRIA2,NA,ST8SIA3,TUBA4A,NA,SPARC
NA,RPL22,SPTAN1,NA,SNAP91,KIT,NA,HNRNPA1
NA,CLASP2,SLC2A3,NA,AK5,COX6A1,NA,RPL10A
NA,RPS4X,DDX24,NA,ENTPD6,RAB3A,NA,RPL4
NA,RPS25,PPP3CA,NA,NAP1L5,NCKAP1,NA,HSP90B1
NA,HNRNPDL,6-Mar,NA,TPI1,GRINA,NA,SNHG29
NA,RPL13A,CAMKV,NA,NNAT,ATP5MC1,NA,TBCA
NA,RPL32,MADD,NA,GPI,UCHL1,NA,SLC25A6
NA,SEC11C,CCT5,NA,HPCA,SLC24A3,NA,PFDN5
NA,RPL8,CHST1,NA,CHN1,MTCH1,NA,RHOA
NA,PFDN5,KCNAB2,NA,LINGO1,ACTB,NA,RPL15
NA,RPL23A,MAPRE3,NA,WBP2,TPI1,NA,HSPD1
NA,RPL18,MAPK1,NA,PRKCG,DYNC1I1,NA,FXYD1
NA,RPS19,SNCB,NA,ATP6V1A,ARPC2,NA,PCBP2
NA,RPL26,DIRAS2,NA,APP,RTN3,NA,DDX5
NA,RPS29,CHGB,NA,CADM3,BNIP3,NA,SRP14
NA,RPS18,BEX2,NA,HIGD1A,DSTN,NA,CTSD
NA,CNRIP1,SNN,NA,MAPT,PINK1,NA,RPS26
NA,ATP5IF1,CHD5,NA,STMN2,WASF1,NA,PTMA
NA,6-Mar,ATP6V1H,NA,CTBP1,GHITM,NA,TMBIM6
NA,ATP6V0E2,BEX4,NA,MBOAT7,ATP6V1F,NA,HSPE1
NA,GRINA,NEUROD2,NA,ACO2,TMEM160,NA,HOPX
NA,CDIP1,ZBTB18,NA,GRIK5,NDUFS5,NA,NA
NA,EID1,MLF2,NA,NBL1,VAMP2,NA,NA
NA,TERF2IP,CELSR2,NA,DNAJC6,TCP1,NA,NA
NA,TRAPPC5,DNAJA4,NA,ATP1A3,ATP5PF,NA,NA
NA,MLF2,CELF2,NA,ATP6V0C,NDRG3,NA,NA
NA,DPP6,CALM1,NA,MTPN,CALM3,NA,NA
NA,BTBD3,GABRA5,NA,TIMM17A,LY6E,NA,NA
NA,ABR,SPHKAP,NA,OGFRL1,YWHAH,NA,NA
NA,PNMA1,TAGLN3,NA,NDUFS2,PGAM1,NA,NA
NA,PCSK1N,UBE2QL1,NA,RAC1,RTL8C,NA,NA
NA,AGAP3,CNKSR2,NA,GNAO1,GAP43,NA,NA
NA,PAFAH1B1,PRRC2B,NA,THY1,GUK1,NA,NA
NA,SAP18,NPDC1,NA,PLEKHB2,WSB2,NA,NA
NA,NRCAM,GDI1,NA,DKK3,SULT4A1,NA,NA
NA,RHEB,MAP4,NA,AP2M1,MAP1LC3A,NA,NA
NA,PPP1CB,HNRNPC,NA,RAB11A,PRRT1,NA,NA
NA,CTSB,USP22,NA,RTL8C,ATP6V0D1,NA,NA
NA,AKR1B1,EHD3,NA,TUBB4A,MZT2A,NA,NA
NA,PLEKHB2,PGBD5,NA,ITFG1,TUBB2A,NA,NA
NA,ANK2,REEP5,NA,RAB3A,PRKCG,NA,NA
NA,SNU13,MPRIP,NA,SIRPA,SERINC1,NA,NA
NA,DYNC1I1,ENSA,NA,EPS15,CLTC,NA,NA
NA,FHL1,UNC13A,NA,PRKAR1A,NDUFA3,NA,NA
NA,PDZD4,PLD3,NA,SARAF,PRDX2,NA,NA
NA,RNF11,PDE2A,NA,PTPRN,TMEM151B,NA,NA
NA,BEX1,TERF2IP,NA,VAMP2,PPP3CB,NA,NA
NA,ATP2A2,ATP9A,NA,CFL1,ATXN10,NA,NA
NA,ATP6AP2,ENC1,NA,SNCA,ATP5PO,NA,NA
NA,STMN3,SRSF3,NA,NAPB,LYNX1,NA,NA
NA,NSMF,TRAPPC5,NA,NPTX1,RNF187,NA,NA
NA,PIN1,CPLX2,NA,GNB2,PLPPR4,NA,NA
NA,SCG5,DDX17,NA,LY6E,SUB1,NA,NA
NA,PGAM1,PSAP,NA,BSCL2,BEX1,NA,NA
NA,MAP1A,SELENOH,NA,MAGED1,SCOC,NA,NA
NA,MORF4L1,YPEL5,NA,ATP6AP2,ITM2B,NA,NA
NA,SLC25A3,HK1,NA,MMD,ATP5F1A,NA,NA
NA,PRKCA,AP2M1,NA,GLS,ATP6V1G2,NA,NA
NA,TUBB4B,JPH4,NA,YWHAH,RAB11A,NA,NA
NA,ATP6V1E1,GRIA1,NA,ATP6V0B,AAK1,NA,NA
NA,WDR1,HNRNPA2B1,NA,PKM,RAN,NA,NA
NA,GNB2,YWHAQ,NA,PNMA8A,CNN3,NA,NA
NA,RNF187,ZNF483,NA,RHBDD2,CD63,NA,NA
NA,FGF13,SREBF2,NA,ARF1,HNRNPA1,NA,NA
NA,ATP1B1,RBFOX1,NA,CREG2,H3F3B,NA,NA
NA,CCT5,PKIA,NA,STMN3,GPRC5B,NA,NA
NA,OCIAD1,BHLHE22,NA,ATP6V1E1,JUND,NA,NA
NA,PKIA,GNG2,NA,ATP2A2,DTNA,NA,NA
NA,SARAF,CDIP1,NA,HSP90AB1,NA,NA,NA
NA,ATP6V0A1,DNAJC5,NA,PIP4K2B,NA,NA,NA
NA,SLC25A23,ENO2,NA,CLSTN1,NA,NA,NA
NA,SV2A,GLS,NA,TMEM59L,NA,NA,NA
NA,SERINC3,PCDH8,NA,GNG3,NA,NA,NA
NA,SELENOH,PLPPR4,NA,WASF1,NA,NA,NA
NA,GRIN1,DNAJB6,NA,KIF3C,NA,NA,NA
NA,PJA2,BLCAP,NA,EFR3B,NA,NA,NA
NA,EFR3B,SDCBP,NA,NEFL,NA,NA,NA
NA,SLC22A17,CLTB,NA,KIF1A,NA,NA,NA
NA,MTCH1,ATP6V1G2,NA,RNF187,NA,NA,NA
NA,MAPK8IP2,MAP2K1,NA,SNCB,NA,NA,NA
NA,SLC12A5,VCP,NA,USP22,NA,NA,NA
NA,RAB11A,SUSD4,NA,MAPRE3,NA,NA,NA
NA,ZNF483,TSPAN7,NA,TMEM30A,NA,NA,NA
NA,APMAP,HNRNPU,NA,PRKAR1B,NA,NA,NA
NA,GNG3,TSPYL1,NA,SPOCK2,NA,NA,NA
NA,PRRT1,TOLLIP,NA,ATP2B1,NA,NA,NA
NA,TMEM205,YWHAZ,NA,RAB6B,NA,NA,NA
NA,SEZ6L,RAB2A,NA,TUBA4A,NA,NA,NA
NA,CNTN1,ENTPD6,NA,RAB3C,NA,NA,NA
NA,CLTC,BEX1,NA,GDI1,NA,NA,NA
NA,KLHL2,PNMA2,NA,BLCAP,NA,NA,NA
NA,SLC9A6,DNM1,NA,PPP2CB,NA,NA,NA
NA,CNKSR2,SORT1,NA,CALY,NA,NA,NA
NA,NDUFS2,CTXN1,NA,KIF5A,NA,NA,NA
NA,MAPRE3,CYFIP2,NA,MTCH1,NA,NA,NA
NA,VAMP2,GABBR2,NA,DPP6,NA,NA,NA
NA,RAN,MMD,NA,TLE5,NA,NA,NA
NA,ATP6V1G2,RTN4,NA,UHMK1,NA,NA,NA
NA,NPDC1,OCIAD1,NA,NSG2,NA,NA,NA
NA,SNN,NSG2,NA,SCN2A,NA,NA,NA
NA,NCS1,PIN1,NA,UQCRC1,NA,NA,NA
NA,BEX3,RHBDD2,NA,SCAMP5,NA,NA,NA
NA,KIF5A,GRIN1,NA,MADD,NA,NA,NA
NA,SCAMP5,SNU13,NA,AP2S1,NA,NA,NA
NA,MAP1LC3A,CIRBP,NA,ANK2,NA,NA,NA
NA,OGA,SEPTIN3,NA,FKBP1A,NA,NA,NA
NA,KIF3C,TSC22D1,NA,SNAP25,NA,NA,NA
NA,KCNIP2,NPTXR,NA,CELSR2,NA,NA,NA
NA,PRDX2,RETREG2,NA,SYP,NA,NA,NA
NA,BEX2,CNTNAP1,NA,CELF4,NA,NA,NA
NA,AP2S1,GRINA,NA,SLIT1,NA,NA,NA
NA,CLSTN1,NELL2,NA,ARHGDIA,NA,NA,NA
NA,NPTX2,CREG2,NA,UCHL1,NA,NA,NA
NA,CALY,NDRG3,NA,SULT4A1,NA,NA,NA
NA,REEP5,SEZ6L2,NA,MAPRE2,NA,NA,NA
NA,ATP1A3,SYT13,NA,FAIM2,NA,NA,NA
NA,TOMM20,NDUFB9,NA,AGAP3,NA,NA,NA
NA,ENO2,ATP5PF,NA,PRNP,NA,NA,NA
NA,TOLLIP,UQCR11,NA,APBB1,NA,NA,NA
NA,KLC1,RPS16,NA,SLC24A3,NA,NA,NA
NA,UQCRC1,RAC1,NA,SORT1,NA,NA,NA
NA,SEZ6L2,MARCKSL1,NA,ATXN10,NA,NA,NA
NA,MAP1B,MALAT1,NA,MAPK8IP2,NA,NA,NA
NA,ATP6V0D1,RPLP2,NA,MAP1LC3A,NA,NA,NA
NA,RAB3A,SERF2,NA,HK1,NA,NA,NA
NA,NRXN1,DPYSL2,NA,NAPA,NA,NA,NA
NA,MORF4L2,MT3,NA,MAP2K1,NA,NA,NA
NA,G3BP2,RPL36A,NA,MAPK1,NA,NA,NA
NA,WASF1,NCALD,NA,TUBB,NA,NA,NA
NA,CHGB,HSP90AA1,NA,PGM2L1,NA,NA,NA
NA,DGKZ,TMEM59,NA,TMEM151B,NA,NA,NA
NA,B4GAT1,ITM2B,NA,CAPZB,NA,NA,NA
NA,NDRG3,RPL36,NA,SOD2,NA,NA,NA
NA,SNRPN,COX8A,NA,PTK2B,NA,NA,NA
NA,SYNPR,CTNND2,NA,ATP5F1D,NA,NA,NA
NA,IDS,ENHO,NA,NDRG4,NA,NA,NA
NA,PKD1,SRI,NA,DNAJC5,NA,NA,NA
NA,MOAP1,RPL32,NA,CALM3,NA,NA,NA
NA,TPI1,RPS6,NA,CAPZA2,NA,NA,NA
NA,SH3GL2,RPL27A,NA,ITM2B,NA,NA,NA
NA,RTN1,EEF1G,NA,MAPK8IP3,NA,NA,NA
NA,CPLX2,RPL34,NA,ENC1,NA,NA,NA
NA,USP22,RPS25,NA,PITHD1,NA,NA,NA
NA,SNCA,GLUD1,NA,EHD3,NA,NA,NA
NA,NEFL,RPL27,NA,C9orf16,NA,NA,NA
NA,ARF3,FTH1,NA,RHEB,NA,NA,NA
NA,ADGRB2,RPS11,NA,CNRIP1,NA,NA,NA
NA,NDRG4,RPS27A,NA,CRMP1,NA,NA,NA
NA,CRMP1,HLA-B,NA,MAP1A,NA,NA,NA
NA,PNMA2,NDUFA2,NA,PCDH8,NA,NA,NA
NA,SYP,RPL38,NA,UNC13A,NA,NA,NA
NA,OAZ1,APOE,NA,PCLO,NA,NA,NA
NA,PPP2R1A,PRDX5,NA,TUBB3,NA,NA,NA
NA,SYT1,RPS23,NA,PSMD2,NA,NA,NA
NA,SCN3B,RPS13,NA,IFI6,NA,NA,NA
NA,CNIH2,SEPTIN7,NA,NCKAP1,NA,NA,NA
NA,NCDN,SIRT2,NA,CAMK2B,NA,NA,NA
NA,UCHL1,RPS29,NA,RNF11,NA,NA,NA
NA,CALM3,COPS9,NA,SAP18,NA,NA,NA
NA,THY1,RPL30,NA,ENO2,NA,NA,NA
NA,KCNAB2,RPS28,NA,TSPYL1,NA,NA,NA
NA,YWHAG,COX6A1,NA,PPP3R1,NA,NA,NA
NA,TMEM130,SPARC,NA,NDN,NA,NA,NA
NA,RUNDC3A,CANX,NA,PJA2,NA,NA,NA
NA,NAPB,RPS12,NA,NELL2,NA,NA,NA
NA,MAPK1,RPL23,NA,RETREG2,NA,NA,NA
NA,BMERB1,RPLP1,NA,SYT13,NA,NA,NA
NA,NRN1,RPL35,NA,PODXL2,NA,NA,NA
NA,SPTAN1,PRDX1,NA,ZBTB18,NA,NA,NA
NA,ATP1A1,RPS21,NA,EEF1A2,NA,NA,NA
NA,DDX24,GPM6B,NA,CLTB,NA,NA,NA
NA,TUBB2A,FIS1,NA,GNG2,NA,NA,NA
NA,TSPAN7,RPS20,NA,CLTC,NA,NA,NA
NA,BSG,RPL31,NA,GAP43,NA,NA,NA
NA,PSD,CCK,NA,SUMO3,NA,NA,NA
NA,YWHAZ,C4orf48,NA,YWHAZ,NA,NA,NA
NA,NSG2,RPS18,NA,GMFB,NA,NA,NA
NA,TMEM59L,MT2A,NA,CLSTN2,NA,NA,NA
NA,GRIA2,AQP4,NA,NEUROD2,NA,NA,NA
NA,CAPZB,CTSD,NA,TUBB2A,NA,NA,NA
NA,ATP5F1B,COMMD6,NA,NPTN,NA,NA,NA
NA,CAMK2A,VIM,NA,PGAM1,NA,NA,NA
NA,PHYHIP,NTRK2,NA,YPEL5,NA,NA,NA
NA,PKM,RPS14,NA,PGBD5,NA,NA,NA
NA,CAMK2B,TUBB2B,NA,ARF3,NA,NA,NA
NA,CALM1,FEZ1,NA,CADPS,NA,NA,NA
NA,SEPTIN3,ADGRG1,NA,PTPRA,NA,NA,NA
NA,MLLT11,ATP5ME,NA,NGRN,NA,NA,NA
NA,CLTB,UQCRB,NA,DLGAP1,NA,NA,NA
NA,NSF,ITM2C,NA,KIF1B,NA,NA,NA
NA,YWHAH,HMGB1,NA,SREBF2,NA,NA,NA
NA,MAP2,MT1E,NA,CNIH2,NA,NA,NA
NA,ARF1,FTL,NA,SPRYD3,NA,NA,NA
NA,CHN1,PAIP2,NA,ARPP19,NA,NA,NA
NA,EEF1A2,SOD1,NA,VSNL1,NA,NA,NA
NA,NPTXR,S100A6,NA,SUSD4,NA,NA,NA
NA,SNAP25,BCAN,NA,CAMK2A,NA,NA,NA
NA,SLC17A7,RPL23A,NA,PLD3,NA,NA,NA
NA,OLFM1,TMBIM6,NA,PNMA2,NA,NA,NA
NA,ENC1,COX5B,NA,STRAP,NA,NA,NA
NA,NRGN,ATP5F1E,NA,GNAS,NA,NA,NA
NA,NA,C1orf61,NA,STXBP1,NA,NA,NA
NA,NA,GJA1,NA,NPDC1,NA,NA,NA
NA,NA,QKI,NA,OAZ1,NA,NA,NA
NA,NA,FXYD1,NA,FAM168B,NA,NA,NA
NA,NA,CD81,NA,BASP1,NA,NA,NA
NA,NA,PFN1,NA,SNRPN,NA,NA,NA
NA,NA,SLC1A3,NA,MAPK10,NA,NA,NA
NA,NA,CNP,NA,OCIAD1,NA,NA,NA
NA,NA,RPL39,NA,PRRT1,NA,NA,NA
NA,NA,LINC00632,NA,BAIAP2,NA,NA,NA
NA,NA,MYL6,NA,CALM2,NA,NA,NA
NA,NA,TOMM7,NA,FGF13,NA,NA,NA
NA,NA,ALDOC,NA,CDIP1,NA,NA,NA
NA,NA,LMO4,NA,SERINC1,NA,NA,NA
NA,NA,NDRG2,NA,GRIN1,NA,NA,NA
NA,NA,METRN,NA,ALDOC,NA,NA,NA
NA,NA,ATP1A2,NA,HSP90AA1,NA,NA,NA
NA,NA,EPS15,NA,PSD3,NA,NA,NA
NA,NA,DBI,NA,NAT8L,NA,NA,NA
NA,NA,SNHG6,NA,UBE2M,NA,NA,NA
NA,NA,SCD,NA,RBFOX1,NA,NA,NA
NA,NA,TMSB4X,NA,CAP2,NA,NA,NA
NA,NA,GLUL,NA,PI4KA,NA,NA,NA
NA,NA,C1orf122,NA,CTSB,NA,NA,NA
NA,NA,AGT,NA,CYFIP2,NA,NA,NA
NA,NA,ATP1B2,NA,PLPPR2,NA,NA,NA
NA,NA,CNN3,NA,CHST1,NA,NA,NA
NA,NA,APC,NA,MDH2,NA,NA,NA
NA,NA,B3GAT2,NA,PIN1,NA,NA,NA
NA,NA,KIT,NA,GRIA1,NA,NA,NA
NA,NA,LDHB,NA,LY6H,NA,NA,NA
NA,NA,DDAH1,NA,PAK3,NA,NA,NA
NA,NA,CKB,NA,SEZ6L2,NA,NA,NA
NA,NA,CPE,NA,MAP1B,NA,NA,NA
NA,NA,OGFRL1,NA,G3BP2,NA,NA,NA
NA,NA,SCD5,NA,TTC3,NA,NA,NA
NA,NA,HTRA1,NA,CELF2,NA,NA,NA
NA,NA,FAM107A,NA,TERF2IP,NA,NA,NA
NA,NA,NA,NA,ATP5F1B,NA,NA,NA
NA,NA,NA,NA,NRCAM,NA,NA,NA
NA,NA,NA,NA,COPRS,NA,NA,NA
NA,NA,NA,NA,NEFM,NA,NA,NA
NA,NA,NA,NA,SCG5,NA,NA,NA
NA,NA,NA,NA,ARL6IP5,NA,NA,NA
NA,NA,NA,NA,TUBB4B,NA,NA,NA
NA,NA,NA,NA,SLC12A5,NA,NA,NA
NA,NA,NA,NA,MLLT11,NA,NA,NA
NA,NA,NA,NA,MLF2,NA,NA,NA
NA,NA,NA,NA,ATP6V1H,NA,NA,NA
NA,NA,NA,NA,DGKZ,NA,NA,NA
NA,NA,NA,NA,ACTB,NA,NA,NA
NA,NA,NA,NA,MOAP1,NA,NA,NA
NA,NA,NA,NA,MEG3,NA,NA,NA
NA,NA,NA,NA,VDAC1,NA,NA,NA
NA,NA,NA,NA,PHYHIP,NA,NA,NA
NA,NA,NA,NA,CDK5R2,NA,NA,NA
NA,NA,NA,NA,BNIP3,NA,NA,NA
NA,NA,NA,NA,LSAMP,NA,NA,NA
NA,NA,NA,NA,RUFY3,NA,NA,NA
NA,NA,NA,NA,UBE2QL1,NA,NA,NA
NA,NA,NA,NA,CDC42,NA,NA,NA
NA,NA,NA,NA,DNAJB6,NA,NA,NA
NA,NA,NA,NA,SDCBP,NA,NA,NA
NA,NA,NA,NA,PAFAH1B1,NA,NA,NA
NA,NA,NA,NA,PLPPR4,NA,NA,NA
NA,NA,NA,NA,VSTM2L,NA,NA,NA
NA,NA,NA,NA,GRIA2,NA,NA,NA
NA,NA,NA,NA,BMERB1,NA,NA,NA
NA,NA,NA,NA,CADM2,NA,NA,NA
NA,NA,NA,NA,PDZD4,NA,NA,NA
NA,NA,NA,NA,RUNDC3A,NA,NA,NA
NA,NA,NA,NA,ATP9A,NA,NA,NA
NA,NA,NA,NA,PGK1,NA,NA,NA
NA,NA,NA,NA,PCMT1,NA,NA,NA
NA,NA,NA,NA,KLHL2,NA,NA,NA
NA,NA,NA,NA,SEPTIN3,NA,NA,NA
NA,NA,NA,NA,RTN4,NA,NA,NA
NA,NA,NA,NA,NDRG3,NA,NA,NA
NA,NA,NA,NA,NRGN,NA,NA,NA
NA,NA,NA,NA,PPP3CA,NA,NA,NA
NA,NA,NA,NA,CAMKV,NA,NA,NA
NA,NA,NA,NA,OGA,NA,NA,NA
NA,NA,NA,NA,PDE2A,NA,NA,NA
NA,NA,NA,NA,VCP,NA,NA,NA
NA,NA,NA,NA,MDH1,NA,NA,NA
NA,NA,NA,NA,ATP8A1,NA,NA,NA
NA,NA,NA,NA,GABBR2,NA,NA,NA
NA,NA,NA,NA,RAB2A,NA,NA,NA
NA,NA,NA,NA,TOMM20,NA,NA,NA
NA,NA,NA,NA,SYNPR,NA,NA,NA
NA,NA,NA,NA,SLC2A3,NA,NA,NA
NA,NA,NA,NA,DYNLRB1,NA,NA,NA
NA,NA,NA,NA,BEX4,NA,NA,NA
NA,NA,NA,NA,DYNLL2,NA,NA,NA
NA,NA,NA,NA,ST6GALNAC6,NA,NA,NA
NA,NA,NA,NA,SPTAN1,NA,NA,NA
NA,NA,NA,NA,ICAM5,NA,NA,NA
NA,NA,NA,NA,PSD,NA,NA,NA
NA,NA,NA,NA,GLUD1,NA,NA,NA
NA,NA,NA,NA,NDUFB1,NA,NA,NA
NA,NA,NA,NA,MTRNR2L12,NA,NA,NA
NA,NA,NA,NA,DBNDD2,NA,NA,NA
NA,NA,NA,NA,SCG3,NA,NA,NA
NA,NA,NA,NA,TUBB2B,NA,NA,NA
NA,NA,NA,NA,HSPE1,NA,NA,NA
NA,NA,NA,NA,HNRNPA3,NA,NA,NA
NA,NA,NA,NA,PTPRZ1,NA,NA,NA
NA,NA,NA,NA,ATP5F1E,NA,NA,NA
NA,NA,NA,NA,UQCRB,NA,NA,NA
NA,NA,NA,NA,RPL15,NA,NA,NA
NA,NA,NA,NA,FEZ1,NA,NA,NA
NA,NA,NA,NA,GABARAP,NA,NA,NA
NA,NA,NA,NA,EIF1,NA,NA,NA
NA,NA,NA,NA,RPL8,NA,NA,NA
NA,NA,NA,NA,PRDX1,NA,NA,NA
NA,NA,NA,NA,BCAN,NA,NA,NA
NA,NA,NA,NA,RHOB,NA,NA,NA
NA,NA,NA,NA,CST3,NA,NA,NA
NA,NA,NA,NA,ATP1B2,NA,NA,NA
NA,NA,NA,NA,ATP1A2,NA,NA,NA
NA,NA,NA,NA,TOMM7,NA,NA,NA
NA,NA,NA,NA,SCD,NA,NA,NA
NA,NA,NA,NA,EEF1G,NA,NA,NA
NA,NA,NA,NA,PTMA,NA,NA,NA
NA,NA,NA,NA,TMA7,NA,NA,NA
NA,NA,NA,NA,METRN,NA,NA,NA
NA,NA,NA,NA,HNRNPA2B1,NA,NA,NA
NA,NA,NA,NA,APOD,NA,NA,NA
NA,NA,NA,NA,COMMD6,NA,NA,NA
NA,NA,NA,NA,MALAT1,NA,NA,NA
NA,NA,NA,NA,HNRNPDL,NA,NA,NA
NA,NA,NA,NA,CD63,NA,NA,NA
NA,NA,NA,NA,PCBP2,NA,NA,NA
NA,NA,NA,NA,AQP4,NA,NA,NA
NA,NA,NA,NA,NTRK2,NA,NA,NA
NA,NA,NA,NA,B2M,NA,NA,NA
NA,NA,NA,NA,EEF1B2,NA,NA,NA
NA,NA,NA,NA,MZT2B,NA,NA,NA
NA,NA,NA,NA,QKI,NA,NA,NA
NA,NA,NA,NA,STMN1,NA,NA,NA
NA,NA,NA,NA,CD81,NA,NA,NA
NA,NA,NA,NA,SLC1A3,NA,NA,NA
NA,NA,NA,NA,RACK1,NA,NA,NA
NA,NA,NA,NA,CIRBP,NA,NA,NA
NA,NA,NA,NA,PTGDS,NA,NA,NA
NA,NA,NA,NA,APOE,NA,NA,NA
NA,NA,NA,NA,SPARCL1,NA,NA,NA
NA,NA,NA,NA,UBA52,NA,NA,NA
NA,NA,NA,NA,AGT,NA,NA,NA
NA,NA,NA,NA,DTNA,NA,NA,NA
NA,NA,NA,NA,RPL23,NA,NA,NA
NA,NA,NA,NA,MARCKS,NA,NA,NA
NA,NA,NA,NA,GLUL,NA,NA,NA
NA,NA,NA,NA,MARCKSL1,NA,NA,NA
NA,NA,NA,NA,GJA1,NA,NA,NA
NA,NA,NA,NA,DBI,NA,NA,NA
NA,NA,NA,NA,RPS10,NA,NA,NA
NA,NA,NA,NA,MT1E,NA,NA,NA
NA,NA,NA,NA,JUND,NA,NA,NA
NA,NA,NA,NA,LGALS1,NA,NA,NA
NA,NA,NA,NA,FTH1,NA,NA,NA
NA,NA,NA,NA,MT2A,NA,NA,NA
NA,NA,NA,NA,SNHG6,NA,NA,NA
NA,NA,NA,NA,RHOA,NA,NA,NA
NA,NA,NA,NA,SNHG29,NA,NA,NA
NA,NA,NA,NA,DDX5,NA,NA,NA
NA,NA,NA,NA,ST13,NA,NA,NA
NA,NA,NA,NA,RPL36,NA,NA,NA
NA,NA,NA,NA,NDRG2,NA,NA,NA
NA,NA,NA,NA,RPL35,NA,NA,NA
NA,NA,NA,NA,TPT1,NA,NA,NA
NA,NA,NA,NA,RPS8,NA,NA,NA
NA,NA,NA,NA,RPL5,NA,NA,NA
NA,NA,NA,NA,FTL,NA,NA,NA
NA,NA,NA,NA,GPRC5B,NA,NA,NA
NA,NA,NA,NA,FXYD6,NA,NA,NA
NA,NA,NA,NA,RPL6,NA,NA,NA
NA,NA,NA,NA,RPS14,NA,NA,NA
NA,NA,NA,NA,RPS7,NA,NA,NA
NA,NA,NA,NA,RPL7A,NA,NA,NA
NA,NA,NA,NA,RPL27A,NA,NA,NA
NA,NA,NA,NA,PFDN5,NA,NA,NA
NA,NA,NA,NA,RPL39,NA,NA,NA
NA,NA,NA,NA,RPS18,NA,NA,NA
NA,NA,NA,NA,RPS3,NA,NA,NA
NA,NA,NA,NA,RPS17,NA,NA,NA
NA,NA,NA,NA,RPL29,NA,NA,NA
NA,NA,NA,NA,ADD3,NA,NA,NA
NA,NA,NA,NA,PRDX6,NA,NA,NA
NA,NA,NA,NA,RPS5,NA,NA,NA
NA,NA,NA,NA,RPL14,NA,NA,NA
NA,NA,NA,NA,RPS4X,NA,NA,NA
NA,NA,NA,NA,RPLP0,NA,NA,NA
NA,NA,NA,NA,FXYD1,NA,NA,NA
NA,NA,NA,NA,RPL12,NA,NA,NA
NA,NA,NA,NA,RPS27A,NA,NA,NA
NA,NA,NA,NA,RPS13,NA,NA,NA
NA,NA,NA,NA,RPL17,NA,NA,NA
NA,NA,NA,NA,RPL27,NA,NA,NA
NA,NA,NA,NA,RPS6,NA,NA,NA
NA,NA,NA,NA,RPS26,NA,NA,NA
NA,NA,NA,NA,RPS28,NA,NA,NA
NA,NA,NA,NA,RPL35A,NA,NA,NA
NA,NA,NA,NA,RPL19,NA,NA,NA
NA,NA,NA,NA,RPLP2,NA,NA,NA
NA,NA,NA,NA,RPS9,NA,NA,NA
NA,NA,NA,NA,RPL31,NA,NA,NA
NA,NA,NA,NA,RPL18A,NA,NA,NA
NA,NA,NA,NA,NACA,NA,NA,NA
NA,NA,NA,NA,RPS24,NA,NA,NA
NA,NA,NA,NA,RPL38,NA,NA,NA
NA,NA,NA,NA,RPS11,NA,NA,NA
NA,NA,NA,NA,RPLP1,NA,NA,NA
NA,NA,NA,NA,RPL13,NA,NA,NA
NA,NA,NA,NA,RPS15,NA,NA,NA
NA,NA,NA,NA,RPL24,NA,NA,NA
NA,NA,NA,NA,RPL32,NA,NA,NA
NA,NA,NA,NA,RPS21,NA,NA,NA
NA,NA,NA,NA,RPS20,NA,NA,NA
NA,NA,NA,NA,RPL22,NA,NA,NA
NA,NA,NA,NA,RPL36A,NA,NA,NA
NA,NA,NA,NA,RPL18,NA,NA,NA
NA,NA,NA,NA,RPS16,NA,NA,NA
NA,NA,NA,NA,FAU,NA,NA,NA
NA,NA,NA,NA,RPS15A,NA,NA,NA
NA,NA,NA,NA,RPS19,NA,NA,NA
NA,NA,NA,NA,EEF1A1,NA,NA,NA
NA,NA,NA,NA,RPL3,NA,NA,NA
NA,NA,NA,NA,TTYH1,NA,NA,NA
NA,NA,NA,NA,RPL13A,NA,NA,NA
NA,NA,NA,NA,H3F3A,NA,NA,NA
NA,NA,NA,NA,HNRNPA1,NA,NA,NA
NA,NA,NA,NA,H3F3B,NA,NA,NA
NA,NA,NA,NA,RPL11,NA,NA,NA
NA,NA,NA,NA,RPS25,NA,NA,NA
NA,NA,NA,NA,RPL10,NA,NA,NA
NA,NA,NA,NA,RPL21,NA,NA,NA
NA,NA,NA,NA,RPL10A,NA,NA,NA
NA,NA,NA,NA,RPL28,NA,NA,NA
NA,NA,NA,NA,RPSA,NA,NA,NA
NA,NA,NA,NA,RPL9,NA,NA,NA
NA,NA,NA,NA,RPS3A,NA,NA,NA
NA,NA,NA,NA,RPL4,NA,NA,NA
NA,NA,NA,NA,RPL7,NA,NA,NA
