Barcode,Cluster
AAACAACGAATAGTTC-1,2
AAACAAGTATCTCCCA-1,2
AAACAATCTACTAGCA-1,6
AAACACCAATAACTGC-1,2
AAACAGAGCGACTCCT-1,3
AAACAGCTTTCAGAAG-1,4
AAACAGTGTTCCTGGG-1,2
AAACATGGTGAGAGGA-1,4
AAACATTTCCCGGATT-1,3
AAACCACTACACAGAT-1,2
AAACCCGAACGAAATC-1,1
AAACCGGAAATGTTAA-1,3
AAACCGGGTAGGTACC-1,4
AAACCGTTCGTCCAGG-1,1
AAACCTAAGCAGCCGG-1,1
AAACGAAGAACATACC-1,1
AAACGAAGATGGAGTA-1,4
AAACGACAGTCTTGCC-1,2
AAACGAGACGGTTGAT-1,3
AAACGCCCGAGATCGG-1,2
AAACGCTGGGCACGAC-1,5
AAACGGGCGTACGGGT-1,3
AAACGGGTTGGTATCC-1,2
AAACGGTTGCGAACTG-1,3
AAACGTGTTCGCCCTA-1,2
AAACTAACGTGGCGAC-1,2
AAACTCGGTTCGCAAT-1,1
AAACTCGTGATATAAG-1,1
AAACTGCTGGCTCCAA-1,3
AAACTTAATTGCACGC-1,1
AAAGAATGACCTTAGA-1,4
AAAGAATGTGGACTAA-1,1
AAAGACATGAAGTTTA-1,6
AAAGACCCAAGTCGCG-1,3
AAAGACTGGGCGCTTT-1,4
AAAGCTTGCCTACATA-1,1
AAAGGCCCTATAATAC-1,2
AAAGGCTACGGACCAT-1,1
AAAGGCTCTCGCGCCG-1,3
AAAGGGATGTAGCAAG-1,3
AAAGGGCAGCTTGAAT-1,3
AAAGGTAAGCTGTACC-1,2
AAAGGTCAACGACATG-1,2
AAAGTAGCATTGCTCA-1,2
AAAGTCACTGATGTAA-1,1
AAAGTGCCATCAATTA-1,3
AAATAACCATACGGGA-1,1
AAATAAGGTAGTGCCC-1,1
AAATACCTATAAGCAT-1,3
AAATAGCTTAGACTTT-1,1
AAATAGGGTGCTATTG-1,3
AAATCACTCCTAAACG-1,2
AAATCCGATACACGCC-1,3
AAATCGCGGAAGGAGT-1,4
AAATCGTGTACCACAA-1,1
AAATCTAGCCCTGCTA-1,3
AAATCTGCCCGCGTCC-1,4
AAATGACTGATCAAAC-1,3
AAATGATTCGATCAGC-1,1
AAATGCTCGTTACGTT-1,2
AAATGGCATGTCTTGT-1,1
AAATGGTCAATGTGCC-1,1
AAATGTATCTTATCCC-1,1
AAATGTGGGTGCTCCT-1,2
AAATTAACGGGTAGCT-1,1
AAATTAATAAGCGCGA-1,1
AAATTACACGACTCTG-1,1
AAATTACCTATCGATG-1,1
AAATTCCAGGTCCAAA-1,1
AAATTGATAGTCCTTT-1,2
AAATTGCGGCGGTTCT-1,2
AAATTGGTGAGAAGCA-1,2
AAATTTACCGAAATCC-1,2
AAATTTGCGGGTGTGG-1,1
AACAACTGGTAGTTGC-1,3
AACAATACATTGTCGA-1,1
AACAATTACTCTACGC-1,1
AACACGACTGTACTGA-1,3
AACACGCGGCCGCGAA-1,6
AACAGCTGTGTGGCAA-1,2
AACAGGAAATCGAATA-1,2
AACAGGATGGGCCGCG-1,3
AACAGGTAGTATGGAT-1,1
AACATAGCGTGTATCG-1,1
AACATCGATACGTCTA-1,1
AACATTGAAGTTGATC-1,2
AACATTGGTCAGCCGT-1,2
AACATTGTGACTCGAG-1,1
AACCAAGACTTCTCTG-1,4
AACCAGTATCACTCTT-1,2
AACCATAGGGTTGAAC-1,2
AACCATGGGATCGCTA-1,2
AACCCAGAGACGGAGA-1,5
AACCCATCCCATGATC-1,4
AACCCGACAACCCGTG-1,3
AACCCGAGCAGAATCG-1,1
AACCCGATAGGGCTTC-1,2
AACCCGCTGTATTCCA-1,1
AACCCTGGTGGAACCA-1,1
AACCGAGCTTGGTCAT-1,3
AACCGTTGTGTTTGCT-1,1
AACCTAAAGCCGTCCG-1,2
AACCTCGCTTTAGCCC-1,3
AACCTGTCACGGAATT-1,1
AACCTTTAAATACGGT-1,3
AACCTTTACGACGTCT-1,1
AACGAAAGTCGTCCCA-1,4
AACGACCTCCTAGCCG-1,3
AACGATAATGCCGTAG-1,3
AACGATAGAAGGGCCG-1,1
AACGATATGTCAACTG-1,3
AACGCATGATCTGGGT-1,1
AACGCGAACGGCAACA-1,2
AACGCGACCTTGGGCG-1,1
AACGCGGTCTCCAGCC-1,3
AACGCTGTTGCTGAAA-1,3
AACGGCCATCTCCGGT-1,1
AACGTACTGTGGGTAC-1,1
AACGTAGTCTACCCAT-1,2
AACGTCAGACTAGTGG-1,3
AACGTCATCCGGCTTG-1,1
AACGTCGCTGCACTTC-1,1
AACGTGATGAAGGACA-1,1
AACGTGCGAAAGTCTC-1,1
AACGTTATCAGCACCT-1,2
AACGTTCTACCATTGT-1,1
AACTACCCGTTTGTCA-1,1
AACTAGCGTATCGCAC-1,1
AACTAGGCTTGGGTGT-1,3
AACTCAAGTTAATTGC-1,1
AACTCCAGAGCGTGTT-1,3
AACTCCTAATCCCATG-1,3
AACTCGATAAACACGT-1,2
AACTCGATGGCGCAGT-1,6
AACTCTCAGTGTGCTC-1,2
AACTGAGGTCAGCGTC-1,2
AACTGAGTTATACTGA-1,3
AACTGATATTAGGCCT-1,1
AACTGGGTCCCGACGT-1,1
AACTGGGTTCGAGCCG-1,2
AACTGGTGTGGGCCTT-1,1
AACTTCTGCGTCTATC-1,2
AACTTGCCCGTATGCA-1,1
AACTTGCGTTCTCGCG-1,1
AACTTTACGGGAGCTT-1,2
AACTTTAGCTGCTGAG-1,1
AACTTTCTCGATCATG-1,2
AAGAAAGTTTGATGGG-1,4
AAGAAATCACCAGATT-1,3
AAGAAGGATCAGTTAG-1,6
AAGACATACGTGGTTT-1,3
AAGACCAAATAACTCA-1,4
AAGACCCAACTGAACA-1,1
AAGACTAACCCGTTGT-1,2
AAGACTCACGCCCACT-1,6
AAGACTGCAAGCTACT-1,1
AAGAGATGAATCGGTA-1,1
AAGAGCTCTTTATCGG-1,3
AAGAGGATGTACGCGA-1,1
AAGAGGCATGGATCGC-1,3
AAGAGGCCCTTTGGAA-1,1
AAGATGGCACCGGACC-1,3
AAGATTGGCGGAACGT-1,1
AAGCACCCTGCGTATC-1,5
AAGCATACTCTCCTGA-1,3
AAGCCACTTGCAGGTA-1,4
AAGCCGAAGCGGTTTA-1,1
AAGCCGCCGTGAAATC-1,2
AAGCCGCTTTACCTTG-1,2
AAGCCGGAGAGCAGGA-1,3
AAGCGCAGGGCTTTGA-1,1
AAGCGGAGTGCGCGCA-1,2
AAGCGGCGTCATGGGT-1,1
AAGCGTCCCTCATCGA-1,2
AAGCTAGATCGAGTAA-1,1
AAGCTATGGATTGACC-1,2
AAGCTCGTGCCAAGTC-1,3
AAGCTCTTTCATGGTG-1,5
AAGGAGAACTTATAAG-1,3
AAGGAGCGGTTGGTGC-1,1
AAGGATCGATCGCTTG-1,1
AAGGATGAGGGACCTC-1,1
AAGGCAGGCTGTCTCC-1,1
AAGGCGCGTAAAGCTT-1,3
AAGGCTGTGCTCATCG-1,1
AAGGGAACGACTGGCT-1,2
AAGGGACAGATTCTGT-1,1
AAGGGACTATGCATTC-1,2
AAGGGTTAGCCATGCG-1,3
AAGGGTTTGATTTCAG-1,4
AAGGTATCCTAATATA-1,3
AAGTAAGCTTCCAAAC-1,2
AAGTAGAAGACCGGGT-1,3
AAGTAGTGACGCGAGG-1,3
AAGTCAATTGTCGTCA-1,2
AAGTCTAGTAGCTGCC-1,2
AAGTCTTCTGTGGCCT-1,2
AAGTGACGACCGAATT-1,4
AAGTGAGTCGGGTTTA-1,1
AAGTGCAAAGGTAGAC-1,2
AAGTGCCTTGACTGTA-1,1
AAGTGCGTTAGAATCT-1,2
AAGTGCTTCTCTATTG-1,1
AAGTGTTTGGAGACGG-1,3
AAGTTCACTCCAAGCT-1,3
AAGTTCAGTCTGCGTA-1,1
AAGTTCGGCCAACAGG-1,1
AAGTTGTGATGTTATA-1,1
AAGTTTACTAATGGCA-1,1
AAGTTTATGGGCCCAA-1,1
AATAACAACGCTCGGC-1,1
AATAACACTAGAACAA-1,2
AATAACGTCGCGCCCA-1,3
AATAAGTCCTCGAGAC-1,1
AATAATCTTCGTATCG-1,3
AATACAATGTTTCAGG-1,6
AATACCGGAGGGCTGT-1,1
AATACCTGATGTGAAC-1,1
AATAGAACAGAGTGGC-1,1
AATAGAATCTGTTTCA-1,5
AATAGCAAGCCTCCTG-1,2
AATAGCTACCGCGTGC-1,1
AATAGGCACGACCCTT-1,1
AATAGTCCGTCCCGAC-1,3
AATAGTCGCGAGTCGG-1,1
AATATCAAGGTCGGAT-1,1
AATATCCTAGCAAACT-1,4
AATATCGAATCAATGC-1,1
AATATCGAGGGTTCTC-1,1
AATATTGGAGTATTGA-1,4
AATCAGACTGCAGGAC-1,2
AATCAGGTTTCATTTA-1,2
AATCATGTAAAGACTC-1,3
AATCCAAGGGCCTGAG-1,3
AATCCATGCAAGGGTG-1,2
AATCCCGCTCAGAGCC-1,1
AATCGAGGTCTCAAGG-1,1
AATCGCCTCAGCGCCA-1,5
AATCGCGCAGAGGACT-1,1
AATCGGGACACTACGA-1,1
AATCGGTATAGCCCTC-1,3
AATCGTGAGCCGAGCA-1,1
AATCTAGGTTTACTTG-1,4
AATCTATGCCGGAGCC-1,1
AATCTGGCTTTCTAGT-1,4
AATCTGGGTAGACCCT-1,2
AATGACAGCAATGTCT-1,2
AATGACGTAGGATGTC-1,3
AATGACTGTCAGCCGG-1,1
AATGAGTTCGCATATG-1,2
AATGATGATACGCTAT-1,1
AATGATGCGACTCCTG-1,1
AATGCAACCGGGTACC-1,3
AATGCACCAAGCAATG-1,1
AATGGCCGCCAATGCG-1,2
AATGGTTCTCACAAGC-1,5
AATGTATGGCACTGTA-1,1
AATGTGCCCGAGGTGT-1,2
AATGTGCTAATCTGAG-1,2
AATGTTAAGACCCTGA-1,2
AATGTTGTCGTGAGAC-1,1
AATTAAAGGTCGGCGT-1,1
AATTAACGGATTTCCA-1,3
AATTACGAGACCCATC-1,4
AATTACTCGTACGCTC-1,2
AATTAGCGCTGCAGCG-1,1
AATTATACCCAGCAAG-1,1
AATTCATAAGGGATCT-1,1
AATTCATTGTCATGCA-1,2
AATTCCAACTTGGTGA-1,2
AATTCCAAGCATGTAC-1,3
AATTCGATTCGAGGAT-1,1
AATTCTAGAGTTAGGC-1,1
AATTGAACGCTCTGGT-1,5
AATTGCAGCAATCGAC-1,3
AATTGCGTGGATTACA-1,4
AATTGTGGTTGCCAAA-1,3
AATTTGGGACATAGTA-1,1
AATTTGGTTCCAAAGA-1,1
ACAAACCATGCGTCCT-1,2
ACAAACCGACAAGGCG-1,2
ACAAACTCCATCAGAG-1,2
ACAAAGAAGGTAGGCC-1,4
ACAAAGCATGACCTAG-1,3
ACAAATCGCACCGAAT-1,5
ACAAATGGTAGTGTTT-1,5
ACAAATTCAGATCTGA-1,2
ACAACAGCATGAGCTA-1,3
ACAACGGTCCCTGCGA-1,3
ACAAGCAGTGCCTAGC-1,1
ACAAGCTATATGGAAG-1,1
ACAAGGAAATCCGCCC-1,3
ACAAGGACAAGAGGTT-1,1
ACAAGGATGCTTTAGG-1,3
ACAAGGCCTACCAGCC-1,2
ACAAGGGCAGGCTCTG-1,3
ACAAGTAATTGTAAGG-1,4
ACAATCCATTTAAACC-1,1
ACAATCGATCTTTATA-1,1
ACAATGAATACGGAGA-1,2
ACAATGATTCTTCTAC-1,2
ACAATTGTGTCTCTTT-1,3
ACAATTTAGGAGGCTC-1,2
ACAATTTGAGCAGTGG-1,5
ACAATTTGGCCATATT-1,1
ACACAAAGACGGGTGG-1,3
ACACAAATATTCCTAG-1,2
ACACACCAGGACCAGT-1,3
ACACACTTTCTACACG-1,1
ACACATGATCAAATCT-1,2
ACACATTGACGCAACA-1,2
ACACATTTCCGTAGAC-1,5
ACACCACATAATTAGC-1,1
ACACCCAGCATGCAGC-1,1
ACACCCGAGAAATCCG-1,5
ACACCCGTAAATCTGT-1,2
ACACCGAGCGCTCTTT-1,2
ACACCGGTCTGACCGC-1,2
ACACCTTAAGTAGGGC-1,3
ACACCTTACTACTTGC-1,1
ACACGAGACTCCTTCT-1,3
ACACGGCACTATGCAT-1,1
ACACGGGAACTTAGGG-1,5
ACACGTAGGCCACAAG-1,1
ACACTCCAATGTCACT-1,1
ACACTGATCAAGGTGT-1,3
ACACTGGGACAGTCGT-1,1
ACAGAACTGAGAACAA-1,6
ACAGATTAGGTTAGTG-1,1
ACAGCATAGAGCCAGT-1,3
ACAGCGACATTCTCAT-1,3
ACAGCGCACCCGCAGC-1,1
ACAGGCACGGATCCTT-1,1
ACAGGCTTGCCCGACT-1,5
ACAGGTGGAGGTGAGG-1,1
ACAGGTGTGTTGTTGC-1,1
ACAGTATACCGTGGGA-1,2
ACAGTGCAGCGCATTT-1,2
ACATAAGTCGTGGTGA-1,4
ACATAATAAGGCGGTG-1,3
ACATACAATCAAGCGG-1,1
ACATCAGCTGGGACGC-1,6
ACATCCCGGCCATACG-1,1
ACATCCTGGTAACTGT-1,1
ACATCGATCGTTTACC-1,1
ACATCGCAATATTCGG-1,4
ACATCGGTCAGCCGCG-1,1
ACATCGTATGCAATGG-1,5
ACATCGTTAACCTAGT-1,1
ACATCTCAACGCGTAA-1,1
ACATGCTTACGGCAGC-1,4
ACATGGCGCCAAAGTA-1,1
ACATGGCTCAATTTAG-1,2
ACATTAGTTTATATCC-1,3
ACATTCGCGCGGAATA-1,4
ACATTTGAAACCTAAC-1,1
ACCAAACACCCAGCGA-1,1
ACCAAACTAGAAATCC-1,3
ACCAACACCACACACT-1,1
ACCAACCGCACTCCAC-1,3
ACCAACGCTTATTTAT-1,3
ACCAAGAACGCGTGTC-1,1
ACCAAGTCATCGGCAG-1,1
ACCAATATGCAAGTTA-1,5
ACCACAACTCAGAACA-1,1
ACCACAAGTTTCTATC-1,5
ACCACACGGTTGATGG-1,2
ACCACCAATGTAACAA-1,1
ACCACCCTCTCTTCTA-1,1
ACCACGTGCAGCTATA-1,3
ACCACTGTTCAAGAAG-1,2
ACCAGACCATAACAAC-1,2
ACCAGCCCGGTCTTTG-1,1
ACCAGGAGTGTGATCT-1,1
ACCAGTGCCCGGTCAA-1,2
ACCATATCCGCAATAA-1,1
ACCATCCGCCAACTAG-1,4
ACCATCGTATATGGTA-1,1
ACCATTAAGGGTGTCA-1,2
ACCCAACGCCCGTGGC-1,5
ACCCACCTACATGCTC-1,1
ACCCATCTTGAGGGTA-1,1
ACCCATTTGTCCCTCT-1,3
ACCCGAGCGAAATTAC-1,2
ACCCGATTGGTTCCGA-1,2
ACCCGGAAACTCCCAG-1,3
ACCCGGAGCACCACAA-1,3
ACCCGGTTACACTTCC-1,1
ACCCGTAGCAGAGAAT-1,4
ACCCGTAGTCTAGTTG-1,3
ACCCGTGTCATCAGTA-1,3
ACCCTATAGGACTGAG-1,1
ACCCTATGCCATATCG-1,2
ACCCTCCCGTCAGGGC-1,1
ACCCTCCCTTGCTATT-1,5
ACCCTGGTAACGCCCT-1,1
ACCCTTCATCTGCGAA-1,1
ACCCTTGCCTGGGTCG-1,2
ACCCTTTAGTTCTCCA-1,1
ACCGAAAGGGCCCTGC-1,1
ACCGAAGAGTCTGGTT-1,4
ACCGACACATCTCCCA-1,3
ACCGACTGAGTCCCAC-1,3
ACCGAGTCTCCTTATT-1,1
ACCGATAGGCATAACC-1,3
ACCGATATTTAATCAT-1,3
ACCGCAATAACTGCCT-1,5
ACCGCGGTGGAAGTCG-1,1
ACCGCTAGTCATTGGT-1,4
ACCGGTCAGGTACACC-1,2
ACCGGTCTGAGTACGG-1,2
ACCGTCCACTGGGCCC-1,4
ACCGTGACCACGTGGG-1,3
ACCGTTCCCGCTCTGA-1,3
ACCTAAGTACCTTTCA-1,2
ACCTAATCGACTTCCT-1,1
ACCTACAGTATGTGGT-1,1
ACCTACTATAAATCTA-1,3
ACCTCAGCGAGGCGCA-1,1
ACCTCCGCCCTCGCTG-1,1
ACCTCCGTTATTCACC-1,1
ACCTCGAACTTATGCT-1,2
ACCTTTCCTTTAGAAG-1,2
ACGAAATGGGCGGCAC-1,2
ACGACCCATGAGTTGC-1,3
ACGACTCTAGGGCCGA-1,1
ACGACTGGTCATACTC-1,4
ACGAGAACCCATCACG-1,2
ACGAGATATTTGCTTA-1,1
ACGAGGATACCACTCT-1,4
ACGAGGTTTACAACGT-1,2
ACGAGTACGGATGCCC-1,1
ACGAGTCGCCGGCGTT-1,2
ACGATACATAGAACTA-1,1
ACGATACCTATCCTGA-1,1
ACGATCATACATAGAG-1,3
ACGATCATCTTGTAAA-1,1
ACGATGCATATGTTAT-1,1
ACGATGGATCCGATGC-1,1
ACGCAAACTAATAGAT-1,1
ACGCAATCACTACAGC-1,1
ACGCATAAATGACATG-1,2
ACGCATACGTTTACTA-1,2
ACGCATTCGTGAGTAC-1,1
ACGCCACTCGAAACAG-1,1
ACGCCAGATGATTTCT-1,1
ACGCCAGTGCGTTTGC-1,3
ACGCCCAGCTGTCGAT-1,1
ACGCCGCTAGACGACC-1,3
ACGCGAAGTCAGACGA-1,1
ACGCGCTACACAGGGT-1,1
ACGCGGGCCAAGGACA-1,1
ACGCGTTTCTTAAGAG-1,1
ACGCTACTGAATGGGC-1,3
ACGCTAGTATCAGTGC-1,2
ACGCTAGTGATACACT-1,1
ACGCTTAGTGTCTCTC-1,1
ACGGAACACGAGTGCC-1,1
ACGGAATTTAGCAAAT-1,2
ACGGACGCAGCGACAA-1,4
ACGGACTCTCAAAGCG-1,3
ACGGAGCGCAAATTAC-1,1
ACGGATGGTGCGGATA-1,5
ACGGCACTTGCTTGGG-1,3
ACGGCCAACATGGACT-1,1
ACGGCGACGATGGGAA-1,3
ACGGCGGGTTGCCCTG-1,2
ACGGCTGGATGTAGAA-1,2
ACGGGAGTGTCGGCCC-1,4
ACGGGCGTATGCGACA-1,1
ACGGGTCATGTGACTT-1,1
ACGGGTTGTGACCTGT-1,4
ACGGTACAGTTCAATG-1,2
ACGGTCACCGAGAACA-1,4
ACGTACAGATTTCTCT-1,1
ACGTACTTTGGCACGG-1,2
ACGTAGATTGCTGATG-1,1
ACGTAGGAGAGTCGCT-1,1
ACGTCCTAAACGAGAT-1,2
ACGTCGGGCAACTCGG-1,4
ACGTCTCGTTCCGGGA-1,4
ACGTGACAAAGTAAGT-1,4
ACGTGCGCCTCGTGCA-1,1
ACGTGGTCGAATGTGC-1,2
ACGTTAATGTCGAAGA-1,1
ACGTTAGATTTGCCCG-1,1
ACGTTATTGGTCACTC-1,1
ACGTTCACTATGCCGC-1,2
ACGTTCCGCGCTCCGT-1,3
ACGTTCGCAATCAATT-1,1
ACGTTCGTTCAGGAAA-1,1
ACGTTCTGTACAAGTC-1,2
ACGTTGTCGTTGAAAG-1,2
ACGTTTAGTTGTGATC-1,1
ACGTTTCGGTGCACTT-1,1
ACTAAGGACGCACACC-1,2
ACTAATACGTCAGGCG-1,1
ACTACAAAGAGAGGTG-1,1
ACTACATCCCGACAAG-1,2
ACTACCAGCTCTCTGG-1,3
ACTACCATCCGAGGGC-1,4
ACTACGCGTTAGAATT-1,3
ACTAGTTGCGATCGTC-1,1
ACTATATGCTGTGTTC-1,1
ACTATCCAGGGCATGG-1,1
ACTATCGCCGGCTAAA-1,2
ACTATCTGCCCGCGTA-1,1
ACTATGTCCAGCTGCC-1,2
ACTATTCGTCCGTGGT-1,1
ACTATTTCCGGGCCCA-1,3
ACTCAACGAATGTATT-1,6
ACTCAAGTGCAAGGCT-1,3
ACTCAATAAAGGCACG-1,3
ACTCAGACCTGCTTCT-1,3
ACTCATGGCAGCCTTC-1,2
ACTCCAATATCATCAT-1,2
ACTCCCGAATTCGTTT-1,1
ACTCCCGTAGACTAGG-1,2
ACTCCCTAATGCTAAA-1,3
ACTCCCTAGAATAGTA-1,3
ACTCCGGCCGACCACT-1,1
ACTCGATGTATTTCAT-1,2
ACTCGCCGTTCGATAA-1,3
ACTCGCGATCTGACGC-1,3
ACTCGTAACCCGTCCT-1,6
ACTCGTCAGTAATCCC-1,3
ACTCTAAACCTGGGAT-1,1
ACTCTCTGACTTAGGT-1,3
ACTCTCTTATACACGA-1,1
ACTCTGACCTAATAGA-1,3
ACTCTTCAGCTCCCGC-1,1
ACTCTTGTATAGTAAC-1,1
ACTGAAACGCCGTTAG-1,3
ACTGAATGGCGAAAGT-1,5
ACTGATTTAGTGATTC-1,1
ACTGCCCGCCATTCTC-1,2
ACTGCCGTCGTAACTC-1,1
ACTGCGGACACACCGT-1,1
ACTGCTCGGAAGGATG-1,4
ACTGGCGAACCTGCGT-1,2
ACTGGGATGCCAGTGC-1,3
ACTGTACGATACACAT-1,3
ACTGTAGCACTTTGGA-1,3
ACTGTATACGCGAGCA-1,1
ACTGTCCAGGATTATA-1,3
ACTGTCTTCTTTAGAA-1,3
ACTGTGCTAGTAGATC-1,2
ACTGTTTAGTGTAGGC-1,1
ACTTACCGGGCGCGCA-1,1
ACTTACGCATCCACGC-1,5
ACTTAGTACGACAAGA-1,1
ACTTATCTGATCTATA-1,2
ACTTATTAGGATCGGT-1,1
ACTTATTTATGTGCCA-1,3
ACTTCAGGCTGATCCC-1,5
ACTTCCAGTGGAAGCT-1,4
ACTTCCATGCGGGACA-1,3
ACTTCCTGTCGTGCGA-1,2
ACTTCGCCATACGCAC-1,5
ACTTCGCTAGCGAGTG-1,2
ACTTGACTCCCTCTTT-1,1
ACTTGCCATATTGTAC-1,1
ACTTGCTCTATCTACC-1,4
ACTTGGGACCCGGTGG-1,1
ACTTGGGCTTTCGCCA-1,1
ACTTGTAGTCCCTTCA-1,4
ACTTGTGGATGGAACG-1,1
ACTTGTTACCGGATCA-1,3
ACTTTACCCTCATGAA-1,1
ACTTTATACACCACTT-1,4
ACTTTCCTATAGCTTC-1,5
ACTTTGGTCGTGCTCC-1,2
ACTTTGTCGACGCACT-1,3
AGAAATTATGACTCGC-1,1
AGAACACGGCGATGGT-1,4
AGAACCCAGCGTGACA-1,3
AGAACCCTCAATTGGG-1,4
AGAACGTGGTACATTC-1,5
AGAACTGTACTTTGTA-1,1
AGAAGAGCGCCGTTCC-1,1
AGAAGGTACACTTCAC-1,4
AGAAGGTTGCCGAATT-1,1
AGAAGGTTGTAGGTCG-1,1
AGAAGTGATTCGTGAT-1,2
AGAATACAGGCTATCC-1,1
AGAATGCGGGTTCGGA-1,1
AGAATTGTTTGACATA-1,2
AGACAGCTCAGAATCC-1,2
AGACAGGCATCTCAGC-1,3
AGACATAGATCCTTCC-1,1
AGACCAAACCACACCT-1,4
AGACCATGGGATACAA-1,5
AGACCCACCGCTGATC-1,3
AGACCCGCCCTCCTCG-1,3
AGACCGCTCCGCGGTT-1,1
AGACGACGATGCCGCT-1,2
AGACGCCCACTTCGCC-1,3
AGACGGGATTGGTATA-1,2
AGACGGGCCGATTTAA-1,2
AGACTAGCCTTCCAGA-1,1
AGACTGTTACCGGGTC-1,1
AGAGAAACACCAGAAA-1,2
AGAGAACCGTCTAGGA-1,1
AGAGAAGGAGTACAAT-1,2
AGAGCAGTTATGAGAC-1,2
AGAGCCGCCGAGATTT-1,1
AGAGCGCTTGTAACGG-1,3
AGAGCGGGCTAATCAT-1,1
AGAGCGTACAAGCTCG-1,5
AGAGCTACGAAAGCAT-1,2
AGAGGCTTCGGAAACC-1,1
AGAGGGACAATTGTCC-1,2
AGAGGTATCTCGGTCC-1,2
AGAGTAAACTTCACTA-1,1
AGAGTATAGTGTTACG-1,1
AGAGTCTTAATGAAAG-1,1
AGAGTGAACAGACACC-1,2
AGAGTTAGAGACCGAT-1,2
AGAGTTGCAGGCCTCC-1,2
AGATAACTTCAGGGCC-1,1
AGATAATCACACCTAT-1,4
AGATACCAATAGAACC-1,1
AGATACCAGCACTTCA-1,2
AGATACCGGTGTTCAC-1,1
AGATACGACTTCATAT-1,5
AGATACTCAAGATCGA-1,5
AGATATAATACGACTA-1,1
AGATCGTGCATAAGAT-1,1
AGATCTCAGGTGTGAT-1,1
AGATCTGGAGAGGATA-1,4
AGATGACTCGCCCACG-1,1
AGATGAGGGTTGCGAT-1,1
AGATGATGGAGTCTGG-1,1
AGATGCAAGACGTGCA-1,2
AGATGCATCCTGTGTC-1,4
AGATGCTATAACGAGC-1,2
AGATTATAGGACGTTT-1,1
AGATTCAAGCGGGTCG-1,2
AGATTCACAACCGATA-1,4
AGCAAAGGCCGCTAGT-1,3
AGCAACCGAAAGTAAT-1,2
AGCACACGTTTAGACT-1,2
AGCACCAGTACTCACG-1,5
AGCACTACCTCACCAG-1,5
AGCACTTAAGGACGCC-1,1
AGCAGAAGGAGAAAGA-1,1
AGCAGCCAGATGAATA-1,1
AGCAGTCGAAGCATGC-1,2
AGCATATCAATATGCT-1,1
AGCATCATTTCGAAAG-1,2
AGCATCGTCGATAATT-1,1
AGCATTACGAGGCAAG-1,1
AGCCAAGCTTTGTGTC-1,3
AGCCACAGGTTACCCG-1,6
AGCCACTCCCGTGCTT-1,3
AGCCATATAGTATGTG-1,3
AGCCCATACATGTAAG-1,4
AGCCCGCAACAAGCAG-1,1
AGCCCGCACTACAATG-1,3
AGCCCGGCATTAGAGG-1,2
AGCCCGGTAGCCTGTA-1,1
AGCCCTAAGCGAAGTT-1,1
AGCCCTCCCTGGTGGC-1,2
AGCCCTGTCGCACCGT-1,1
AGCCCTTCTAATCCGA-1,1
AGCCCTTGGACATCCC-1,1
AGCCGCAAATTCAAAT-1,2
AGCCGCTTGATTAGCG-1,2
AGCCGTGGCTAAATGT-1,2
AGCCTTAAAGCGGAAG-1,2
AGCCTTGTCACTGATA-1,4
AGCGACAGGAACGGTC-1,2
AGCGACATCCCATTCA-1,1
AGCGACCAACGATATT-1,3
AGCGACTTTGAAGACA-1,1
AGCGAGACGTGAAGGC-1,2
AGCGATGCGCCTAATA-1,3
AGCGCATAATGAATCG-1,3
AGCGCGGGTGCCAATG-1,1
AGCGCTAGAGCGATGT-1,3
AGCGCTTATGGGCAAG-1,1
AGCGGACACTTCGTAG-1,3
AGCGGCGGTTAGCGGT-1,4
AGCGGGAAGGGTCCAT-1,3
AGCGGGTCTGACACTC-1,5
AGCGGTTGAGATGTAC-1,6
AGCGGTTGCCGCTCTG-1,1
AGCGTACGAGAGCTAG-1,2
AGCGTAGCGCTAGACC-1,2
AGCGTCTGAACCCGCA-1,6
AGCGTGGTATTCTACT-1,3
AGCGTTCCGATTTAAA-1,2
AGCTAACAAGCAATGT-1,2
AGCTAAGCTCCGTCCG-1,1
AGCTAAGTACGCAGGC-1,3
AGCTACGAATGGTGGT-1,1
AGCTAGAAGCAGAAGT-1,1
AGCTATTTAATCCAAC-1,1
AGCTCCATATATGTTC-1,1
AGCTCCTTCGCACATC-1,5
AGCTCGTTGATGGAAA-1,2
AGCTCTAGACGTTCCA-1,3
AGCTCTTCCCAGTGCA-1,1
AGCTCTTCGTAACCTT-1,1
AGCTCTTTACTCAGTT-1,1
AGCTGAAGTAAACCAA-1,1
AGCTGCATTTGAGGTG-1,2
AGCTGCTGTGCCGAAT-1,2
AGCTGTAACCTCAATC-1,2
AGCTTATAGAGACCTG-1,1
AGCTTCAATACTTTGA-1,2
AGCTTCTTCTCGAGCA-1,1
AGCTTGATCAGGGTAG-1,4
AGCTTGATCTTAACTT-1,4
AGGAAAGCCTCTGATG-1,2
AGGAACGAACGACTTC-1,3
AGGAAGCTGTCCGCCG-1,5
AGGACAGTCGAATCCC-1,5
AGGACATCGCACGTCG-1,5
AGGACATCGGCACACT-1,3
AGGACGACCCATTAGA-1,1
AGGACGCTCGATGTTG-1,1
AGGACTTATAGGAGAA-1,2
AGGAGACATCCACAGT-1,1
AGGAGAGTCTGGCTAC-1,2
AGGAGCGTTTATTATC-1,1
AGGAGGCCTTCGCGCG-1,3
AGGATAAAGTCGGGAT-1,3
AGGATATCCGACTGCA-1,1
AGGATTGCTTACGACA-1,1
AGGCAAAGAGGAATCA-1,2
AGGCACGTGACTGTCC-1,1
AGGCAGATGCGTAAAC-1,3
AGGCAGGGAGCGTACT-1,1
AGGCCACATTGGTTAC-1,3
AGGCCACCCGTTATGA-1,3
AGGCCCAGTGACTGGT-1,2
AGGCCCATTGTACAGG-1,1
AGGCCCTAGAACGCCA-1,4
AGGCCTATCATACCAA-1,3
AGGCCTGAGAATCTCG-1,3
AGGCGATAACTGGCGT-1,3
AGGCGGTTTGTCCCGC-1,2
AGGCGTCTATGGACGG-1,1
AGGCTATGGTTAGCTT-1,3
AGGCTTAAGTTGCACA-1,4
AGGCTTCCCGAAGAAG-1,1
AGGCTTGCTAGACACC-1,6
AGGGAAACGAGGTACT-1,1
AGGGACAGCACGGCGG-1,2
AGGGACCGGCTGCGTT-1,1
AGGGACTCTACGCGAC-1,3
AGGGAGACATACTTCG-1,1
AGGGCAGCGGCGTGGT-1,1
AGGGCCCTAATGTTCT-1,3
AGGGCGTGATCGGCTA-1,3
AGGGCTGCAGTTACAG-1,3
AGGGTCAGAGCACTCG-1,1
AGGGTCAGTAACCCTA-1,1
AGGGTCTGGACGCAGT-1,3
AGGGTGCCGTTCTTTA-1,2
AGGGTGGATAGTGCAT-1,2
AGGGTGTGCTACACGC-1,2
AGGGTTCAGACGGTCC-1,3
AGGGTTCCCTTTGGTT-1,1
AGGGTTTAGTTCGGGA-1,1
AGGTAACCTCCTATTC-1,3
AGGTACGATATTGCCA-1,1
AGGTAGATCGAGATAT-1,2
AGGTAGGTACAAAGCT-1,1
AGGTATAATTGATAGT-1,1
AGGTATGCGGACATTA-1,3
AGGTCGCCACTTCGGT-1,2
AGGTCGCCTCCCAACA-1,3
AGGTCGCGGAGTTACT-1,1
AGGTGCACGTCCACAT-1,1
AGGTGGTGACCTTCGC-1,1
AGGTGTTGCCGACCAC-1,3
AGGTTACACCATGCCG-1,1
AGGTTCTCCTTTCCGG-1,1
AGGTTGAGGCACGCTT-1,1
AGGTTTCACACACCTT-1,1
AGTAACGTTCATCCTG-1,1
AGTAACTATAGCAGCC-1,1
AGTAAGGGACAGAATC-1,1
AGTAATCTAAGGGTGG-1,1
AGTAATGTCTTGCCGC-1,1
AGTAATTTGCAAGCGT-1,4
AGTACAGAAGCTTATA-1,1
AGTACATCATTTATCA-1,1
AGTACCTTCGAGTGCT-1,2
AGTACGGGCACCTGGC-1,3
AGTACGTGGCCTGTCT-1,1
AGTACTCTTATGCCCA-1,3
AGTAGAAGGCGCCTCA-1,3
AGTAGCGTGAACGAAC-1,1
AGTAGCTAGACGCCGA-1,2
AGTAGGAAGGAAGTTG-1,1
AGTAGGTAACATACAT-1,1
AGTATAATACTAGGCA-1,5
AGTATACACAGCGACA-1,1
AGTATCCATAATAACG-1,1
AGTATGCTGGAGACCA-1,2
AGTATTTGGCACGACC-1,1
AGTCAAATGATGTGAT-1,1
AGTCAACACCACCATC-1,1
AGTCAAGATGACACTT-1,3
AGTCACTAGCTCTCGA-1,3
AGTCACTCCGCCTCAT-1,2
AGTCAGCCACCGCCTG-1,1
AGTCCAGCGGGTACGT-1,2
AGTCCCGCCTTTAATT-1,1
AGTCCCTCGCAGAAAG-1,2
AGTCGAAACGATTCAG-1,4
AGTCGAATTAGCGTAA-1,1
AGTCGGCCCAAACGAC-1,3
AGTCGGTTGCGTGAGA-1,1
AGTCGTATAAAGCAGA-1,1
AGTCGTCGACCACCAA-1,3
AGTCGTGGGCATTACG-1,2
AGTCTAAAGTATACTC-1,1
AGTCTCACAAGACTAC-1,2
AGTCTGGACATCCTTG-1,6
AGTCTTCTCCTCAAAT-1,3
AGTCTTTAAAGTGTCC-1,1
AGTGAACAAACTTCTC-1,1
AGTGAAGATGGTGTCC-1,2
AGTGACCTACTTTACG-1,1
AGTGACTGTGACACAA-1,2
AGTGAGACTTCCAGTA-1,5
AGTGAGCCTCGCCGCC-1,1
AGTGAGGGTTTCTGAC-1,3
AGTGAGTCGAATTAAC-1,3
AGTGATAACCTGCGCG-1,3
AGTGATATGAGTAGTT-1,1
AGTGATTCAAGCAGGA-1,5
AGTGCACGCTTAAGAA-1,3
AGTGCGTAGCTCGTAA-1,1
AGTGCTAAACACAGCA-1,3
AGTGCTTGCACGAATA-1,3
AGTGGCCCGCAAATGG-1,1
AGTGGCGGCAATTTGA-1,1
AGTGGCGTCTGAAGGT-1,3
AGTGGGAGTATACACG-1,2
AGTGGTGTTACCCGTG-1,4
AGTGGTTGCGTATAGG-1,6
AGTGTATTGCGCATTG-1,1
AGTGTGCTAAGATCGC-1,1
AGTGTGGTCTATTGTG-1,2
AGTTAAACACTTGCGA-1,1
AGTTAAGCGGTCCCGG-1,1
AGTTAAGTCAACCGCT-1,6
AGTTACCCTTAAGACT-1,1
AGTTACCGCACATGGT-1,6
AGTTACTCTATCGTGG-1,1
AGTTATTCAGACTGTG-1,3
AGTTATTGAAAGGTAA-1,1
AGTTCACCGGTTGGAC-1,2
AGTTCCTACAGAATTA-1,1
AGTTCCTATTTATGTT-1,1
AGTTCTGCGTTGTATC-1,1
AGTTGACATCGGCTGG-1,2
AGTTGACGGTCCTTGC-1,5
AGTTGCGGTCCTCAAC-1,4
AGTTGCTGACTGATAT-1,2
AGTTGGCAAGGCTAGA-1,1
AGTTTATGTAAAGACA-1,1
AGTTTCGCAGGTCGGA-1,1
AGTTTGCACCTGCCTC-1,5
AGTTTGGCACGGGTTG-1,1
AGTTTGGCCAGACCTA-1,2
ATAAACCATTGGACGG-1,6
ATAAACGGACCCGTAA-1,1
ATAAACGTTGCACCAC-1,1
ATAAAGGCTCGGTCGT-1,1
ATAAAGGTCAAGTACG-1,1
ATAAATATTAGCAGCT-1,1
ATAACGCCGGAGGGTC-1,3
ATAACGGAGTCCAACG-1,3
ATAACGTTACCTCCAC-1,2
ATAAGCAAACACCGAG-1,2
ATAAGGTGGAGAACAT-1,3
ATAAGTACCCGATTGT-1,2
ATAAGTAGGATTCAGA-1,1
ATAAGTAGGGCGACTC-1,1
ATAAGTTACCGCGACG-1,1
ATAATACCGTTAGCCG-1,1
ATAATAGCTGTTGAAT-1,3
ATAATAGTGTAGGGAC-1,3
ATAATCTTGGAGAACC-1,3
ATAATTAGCTAAGTAG-1,3
ATACAGCGTCCACTGA-1,4
ATACAGGCCCTCCAAT-1,3
ATACCACGGGCAACTT-1,1
ATACCAGCAAATTGCT-1,1
ATACCAGGCTAATAGA-1,1
ATACCAGGTGAGCGAT-1,2
ATACCCTCCCGGCCAA-1,4
ATACCCTGGCTCAAAT-1,2
ATACCGTCATCCATAA-1,2
ATACCTAACCAAGAAA-1,3
ATACGAAGGCTTTCCA-1,1
ATACGACAGATGGGTA-1,2
ATACGAGGTTTGTAAG-1,1
ATACGCCGATCTACCG-1,2
ATACGCCGGCGAAACC-1,3
ATACGGAACGTCGTTT-1,2
ATACGGGTTTCGATTG-1,1
ATACGGTGAAGATGCA-1,6
ATACGTACTTAGCCAC-1,5
ATACGTTATGCACGGA-1,3
ATACTACCCGTACCAC-1,3
ATACTAGCATGACCCT-1,1
ATACTCTCGCCACTCT-1,2
ATACTGCCTTACACCG-1,3
ATACTTGTTCTCGAGC-1,2
ATAGACAACGGGACCT-1,1
ATAGACGAAGAGAAAG-1,1
ATAGAGTACTGGGACA-1,1
ATAGAGTTATCAACTT-1,1
ATAGATTTGCAGTCGG-1,1
ATAGCAACTAGGGAAG-1,3
ATAGCCATAACAGTCA-1,3
ATAGCCTCAGTACCCA-1,1
ATAGCTGCTCTTGTTA-1,1
ATAGGAATCTAAGCTT-1,2
ATAGGCGGCTATAGAA-1,1
ATAGGCTAGCTTCGCA-1,1
ATAGGGATATCCTTGA-1,1
ATAGGTTGGGCAGATG-1,3
ATAGTCTTTGACGTGC-1,1
ATAGTGAAGCGTTCTC-1,1
ATAGTTCCACCCACTC-1,1
ATATAAAGCGCTCGTG-1,5
ATATAAATGTAGCTGC-1,3
ATATAACACGGGCGCA-1,3
ATATACATGTATGGTA-1,4
ATATACGCTCGTGACG-1,3
ATATAGAGTATTGGTC-1,1
ATATCAACCTACAGAG-1,1
ATATCAATTCCAGCCT-1,4
ATATCGGTAGGGAGAT-1,1
ATATCGTGCCAGACCC-1,1
ATATCGTTCCTCGAAC-1,3
ATATCTCCCTCGTTAA-1,1
ATATCTTAGGGCCTTC-1,1
ATATGGGATAGCAACT-1,3
ATATGTCTAGAGCGTG-1,3
ATATGTGCACAAACCA-1,2
ATATTATCCCGTATTT-1,2
ATATTCAGTTAAACCT-1,1
ATATTCCACATAGTGA-1,3
ATATTCCCACAGGTCA-1,1
ATATTGCTGTCAAAGT-1,3
ATATTGGAGAGGCCTT-1,3
ATATTTAACCCTCAAG-1,5
ATCAAACACTGTTCCA-1,1
ATCAAACGAAGGTTTG-1,2
ATCAAAGAGCCGTGGT-1,3
ATCAAGATCCCAGGAC-1,3
ATCAATCTGGGCTGCA-1,1
ATCAATGCCGTGGCTG-1,2
ATCACATTAGAATATC-1,1
ATCACGTGCTAATTAA-1,1
ATCACTTCATCCTCGC-1,1
ATCAGAAGCTGGTTGC-1,2
ATCAGACGGCACGCCG-1,1
ATCAGCCTCATGCTGC-1,3
ATCAGGTAGCTGACAG-1,2
ATCAGGTCGCCATTGC-1,1
ATCAGTAGGCAGGGAT-1,1
ATCATAGATCGACGAG-1,1
ATCATAGCCCTATGTA-1,1
ATCATCCAATATTTGT-1,1
ATCATCTGCCCAGTGT-1,2
ATCATGGACTACCGAC-1,3
ATCATTGTACCGCATT-1,4
ATCCAACGCAGTCATA-1,5
ATCCAATGGAGGGTCC-1,4
ATCCAATGGTACCGAA-1,4
ATCCACATCGACAGAA-1,1
ATCCACGCTAAATGTT-1,1
ATCCACTTTCAGACTA-1,2
ATCCAGAGCAACAACC-1,1
ATCCAGGATTCGTGAA-1,1
ATCCCATCCACAGCGC-1,2
ATCCCATTTCCGTGGG-1,3
ATCCTACCTAAGCTCT-1,1
ATCCTGAATCGCTGCG-1,4
ATCCTGCGTGGAATGG-1,1
ATCCTGCTGCAGATAG-1,2
ATCCTTCTGAAAGAAC-1,3
ATCGACCCAATACAGA-1,3
ATCGACTCTTTCCGTT-1,1
ATCGCACGATTGTTCA-1,2
ATCGCACGCCGGGAGA-1,3
ATCGCCAGTCAACATT-1,1
ATCGCCGTGGTTCATG-1,3
ATCGCTGCGTGCAGCA-1,1
ATCGCTTTACGTCTCA-1,1
ATCGGAGACAGACGGC-1,3
ATCGGCAAGCAGTCCA-1,1
ATCGGTTACCTAGTAA-1,6
ATCGTATTCCGAGAAC-1,1
ATCGTCCAATCGAGTC-1,2
ATCGTGGAAAGTCTGG-1,2
ATCGTTAGCTAGCGGA-1,1
ATCGTTCACTTTCGCC-1,1
ATCTAACGTCCCTATG-1,2
ATCTAATATCCTACGG-1,5
ATCTACCATCTGCTCC-1,1
ATCTAGCTTGTGAGGG-1,5
ATCTCATAAACCTACC-1,2
ATCTCCCACGGAATAT-1,1
ATCTCCCTGCAATCTA-1,1
ATCTCGTGAGCGAAAC-1,1
ATCTGACATGGAAGGA-1,3
ATCTGATAGTGTCTTA-1,2
ATCTGCACCTCTGCGA-1,2
ATCTGCTGTTATCGCC-1,1
ATCTGGGCTGTTCTTG-1,1
ATCTGGTTAAGACTGT-1,3
ATCTGTAATTGTACCC-1,1
ATCTTAGGGCATTAAT-1,4
ATCTTATCGCACACCC-1,1
ATCTTGACCTGCAACG-1,1
ATCTTGACTTGTCCAA-1,1
ATCTTTCGTATAACCA-1,3
ATGAAGCCAAGGAGCC-1,3
ATGAAGTGGACCCAGC-1,1
ATGACGCCGGCTCTAA-1,1
ATGACGCGTTCTATCC-1,2
ATGACTATCAGCTGTG-1,1
ATGACTATGCGACATT-1,3
ATGAGGAGTGTTAATC-1,5
ATGAGGGCAGCGGCTA-1,1
ATGATCGGGAATAGAC-1,1
ATGATGCAATGGTACA-1,1
ATGCACCTTCCTTAAT-1,2
ATGCACGCGCTGTTCA-1,4
ATGCACTACCGCATTG-1,1
ATGCATGATCCAGGAT-1,3
ATGCATTCCGTGATGG-1,1
ATGCCAATCGCTCTGC-1,1
ATGCCGGTCTTGCATA-1,3
ATGCCGGTTGATGGGA-1,1
ATGCGACAATTGGTCC-1,1
ATGCGACAGTCCCATT-1,3
ATGCGAGTCCCACCAC-1,1
ATGCTCAGTGTTGCAT-1,3
ATGCTCTGGCGCGGTA-1,5
ATGCTTAGGAGTTGAT-1,1
ATGGAAATTTAAGGAG-1,4
ATGGAACAGAATAAAC-1,2
ATGGAACCTTTGCACA-1,1
ATGGACTGCTTAGTTG-1,2
ATGGAGCAGGCCGTGA-1,1
ATGGATCCGGCGTCCG-1,1
ATGGATTGACCAAACG-1,5
ATGGCAGCATTACGAT-1,2
ATGGCAGCCGAGAAAC-1,6
ATGGCCCGAAAGGTTA-1,3
ATGGCGGAATAGTCGC-1,1
ATGGCTGGAAATGGCC-1,1
ATGGGAACGGAAGCGG-1,1
ATGGGACCTGCTGAAC-1,2
ATGGGTGTATACCTCC-1,2
ATGGTATTGGGAACCG-1,3
ATGGTATTTACTGATT-1,4
ATGGTCGCGTGGTTTC-1,5
ATGGTGCTCAAAGCCA-1,2
ATGGTTACGAAACATG-1,2
ATGTAAGGCTGCTCTT-1,1
ATGTACATGCGGTGAG-1,3
ATGTACGATGACGTCG-1,3
ATGTAGCGCGCGTAGG-1,1
ATGTCATAATAAACGA-1,3
ATGTCATTTCCCATTG-1,2
ATGTCTTGTTTGACTC-1,2
ATGTGCATCCGACGCA-1,3
ATGTGGACATCTTGAT-1,3
ATGTGTAGTTTAGTCA-1,1
ATGTTACGAGCAATAC-1,2
ATGTTCCTGCCCACCT-1,2
ATGTTGATTAGAGACT-1,1
ATGTTGTAGTCTGTTT-1,3
ATGTTTCGGCCCGGAG-1,1
ATGTTTGTAAGATCAT-1,2
ATTAAACATGCGGACC-1,1
ATTAACACCTGAGATA-1,2
ATTAATACTACGCGGG-1,3
ATTAATGAACCAGTCG-1,3
ATTAATTCGGTCACTC-1,1
ATTACAACTACCGGCC-1,1
ATTACATGTCAGTCTT-1,1
ATTACCACACTGCCTG-1,1
ATTACGACTCCACAGT-1,2
ATTACGCGCTGGCAGG-1,1
ATTACGGGCTACGGTT-1,4
ATTACTAGCCTCTTGC-1,1
ATTACTTACTGGGCAT-1,1
ATTAGATTCCTCAGCA-1,1
ATTAGATTGATAGCGG-1,1
ATTAGGCGATGCTTTC-1,1
ATTATACTTTGCTCGT-1,1
ATTATAGCTACTTTAC-1,1
ATTATCGGAATGTACG-1,1
ATTATCTCGACAGATC-1,1
ATTATGAGACCCAATT-1,1
ATTATGCCATAGGGAG-1,1
ATTATGCTCAGTATTG-1,2
ATTATTATGTCCGTCA-1,1
ATTATTCAGAGTCACT-1,1
ATTCAAAGTACCTGTT-1,2
ATTCAACCATTTAAGG-1,3
ATTCACTGATGTTGGA-1,3
ATTCAGATGAATCCCT-1,2
ATTCAGGACCTATTTC-1,1
ATTCAGGATCGCCTCT-1,2
ATTCAGTAGCAGGGTC-1,1
ATTCATATACTGTCCA-1,1
ATTCATCGTTGAGGCA-1,3
ATTCCCACATAAACAA-1,1
ATTCCCGAAGGTACAG-1,4
ATTCCTAAGACGTGGA-1,1
ATTCCTCCGCCAGTGC-1,3
ATTCCTTCCAGGCGGT-1,2
ATTCGACGCCGGGCCT-1,4
ATTCGCAGAGGACACT-1,2
ATTCGCGCCTTGAGAG-1,1
ATTCGTCCCGAGGTTA-1,1
ATTCGTGCTATCTCTT-1,1
ATTCGTGTACCCATTC-1,1
ATTCGTTTATCGTATT-1,3
ATTCTCGTCTCTTTAG-1,3
ATTCTGAGTATGAACT-1,1
ATTCTTCGTACTTATG-1,3
ATTGAAGATCTTAGTG-1,1
ATTGAATTCCCTGTAG-1,1
ATTGACCGGCGATGAC-1,1
ATTGACGTAACTCGGT-1,1
ATTGATAGCAACGAGA-1,2
ATTGATCACCACATTT-1,4
ATTGCCTATTAGACCG-1,2
ATTGCCTTTATGTTTG-1,1
ATTGCGATCAGTAACT-1,2
ATTGCTGCTCCTCCAT-1,1
ATTGGATTACAGCGTA-1,3
ATTGGGAATATCTTGG-1,1
ATTGGGAGTTCTGTAA-1,2
ATTGGTAGGATCCGCT-1,1
ATTGGTTGTGCATTAC-1,1
ATTGTACAACTCGGCT-1,1
ATTGTCGCAATACCTT-1,1
ATTGTCTGTTTCATGT-1,1
ATTGTGACTTCGCTGC-1,2
ATTGTTCAACGATCCG-1,3
ATTTAACTCGTATTAC-1,1
ATTTACAGTTTACTGG-1,1
ATTTACTAAGTCCATT-1,1
ATTTATACTGGTAAAG-1,1
ATTTCATTATTTCGCG-1,1
ATTTCCGGGTTCTGCG-1,2
ATTTGCCTAGTTACGA-1,1
ATTTGCGCGAGTAGCT-1,2
ATTTGGAGATTGCGGT-1,4
ATTTGTCTTGGGAGCT-1,5
ATTTGTTCCAGGGCTC-1,1
CAAACCAGGTCTGCAT-1,2
CAAACCATAAGCGTAT-1,1
CAAACCCTCCGGCGGG-1,1
CAAACGAGTATCGCAG-1,1
CAAACGGTCGCACTTT-1,1
CAAACGTGGTCTTGCG-1,1
CAAACTACGATAGAGA-1,1
CAAACTATTGAGCTTC-1,1
CAAACTCGCGACGCCG-1,1
CAAAGATTATTGGGCC-1,2
CAAAGGTCATCTGAAA-1,3
CAAAGGTTAAATTCAG-1,2
CAAAGTCAGGTTAGCT-1,2
CAAATCTCTCACAAGG-1,4
CAAATGCGGAGTGTTC-1,2
CAAATGTCCTTCCGTG-1,1
CAAATTGGATTATGCC-1,1
CAAATTGTCAGCAAGC-1,1
CAACACATCTCCTGCC-1,1
CAACAGAATAACGCTA-1,6
CAACAGTGCCAAACGG-1,2
CAACATGGCCTGATAA-1,2
CAACCAGTGGCCTACC-1,3
CAACCGCACCTAGACA-1,2
CAACCTACCGAGCAGT-1,3
CAACCTGAACCTGCCA-1,1
CAACGACCCGTTTACA-1,1
CAACGAGCTTATTATG-1,4
CAACGATCGATCCAAT-1,1
CAACGCGATGAGCCAA-1,2
CAACGGTTCTTGATAC-1,5
CAACGTGGTGGAGTCT-1,3
CAACTATATCGAATGC-1,1
CAACTCCAACGTTTAG-1,1
CAACTCCGTAACTTGC-1,2
CAACTCCTTGATCCCG-1,1
CAACTGAGGGTATGAC-1,2
CAACTGCTCATCCGAT-1,1
CAACTTGTAGTGGGCA-1,3
CAAGAAACCCTAAACT-1,2
CAAGACTCAGAAGCGC-1,2
CAAGAGGGCGGAGTAC-1,3
CAAGATATTATAACGT-1,3
CAAGCAACGTCGGAGT-1,1
CAAGCACCAAATGCCT-1,1
CAAGCGGCACATAATT-1,5
CAAGGATCGCATGTTC-1,1
CAAGGCCAGTGGTGCA-1,3
CAAGGGAGTGTATTTG-1,2
CAAGGTCCTATAGGCT-1,1
CAAGTAAGTGATAGAC-1,3
CAAGTCGTTGAAATCT-1,1
CAAGTGAACTTTGGTT-1,1
CAATAAACCTTGGCCC-1,5
CAATACGAGAGTCTGA-1,1
CAATATGTAGATTTAC-1,2
CAATATTCTTGACCTA-1,1
CAATATTGGACTAGTG-1,2
CAATCCATTATCCGTT-1,2
CAATCCCTATACCAGC-1,1
CAATCCTGCCGTGGAG-1,6
CAATGACCCTTAATTT-1,5
CAATGAGGTTCGACTA-1,1
CAATGCGAGAAGTATC-1,5
CAATGGAATCTACATA-1,1
CAATGGATCTCTACCA-1,1
CAATGGTCGGCCTGGG-1,1
CAATGTGCCAACCCTT-1,1
CAATTAAGGGTGATGA-1,3
CAATTGGGCCGCACTC-1,4
CAATTTCGTATAAGGG-1,3
CAATTTGACCGGGAAG-1,2
CACAAACCGCAGAACT-1,3
CACAAGAAAGATATTA-1,2
CACAAGCTAAGAAAGG-1,2
CACAATGAGCTGCTAT-1,1
CACACACGCTAACGAG-1,3
CACACAGCTTGCGCTC-1,1
CACACAGGGATAGATT-1,3
CACACGCGCTGTCTTA-1,3
CACACGTTTCAATGGG-1,1
CACACTTGTATTGCGA-1,2
CACAGAGACGAGGACG-1,2
CACAGCACCCACGGCA-1,3
CACAGCTAGGGAGTGA-1,1
CACAGGGCCATATAGT-1,3
CACAGGGCCGTTGTCA-1,3
CACAGTCCCGCTTCGC-1,1
CACAGTTCGCTTCCCA-1,1
CACATAAGGCGACCGT-1,2
CACATATTAGCAGGAT-1,3
CACATCGTGCACGCGC-1,3
CACATCTCACCGACGA-1,5
CACATGATTCAGCAAC-1,1
CACATGTTTGGACATG-1,2
CACATTCTTTCGATGG-1,1
CACATTTCTTGTCAGA-1,1
CACCAATCATCCGTCT-1,4
CACCAGTCAGCATGCA-1,2
CACCATCGGAGGAGAC-1,1
CACCATGATCGCAAAG-1,2
CACCCAAATCTTATGT-1,1
CACCCACACGTCACCC-1,3
CACCCACGAGGCAATT-1,1
CACCCGCGTTTGACAC-1,3
CACCCGGTTTGTGACT-1,2
CACCCTAACAAGATCT-1,5
CACCCTTTCCTCGCTC-1,1
CACCGATACACCGAGC-1,1
CACCGATGATGGGTAC-1,3
CACCGCCAGAAGGTTT-1,5
CACCGCCGACCAGCGA-1,1
CACCGCGTCCACTCTA-1,1
CACCGGAGATATCTCC-1,1
CACCGGGCATCACAAG-1,1
CACCGGTAGAGACATT-1,2
CACCGTATCCCATCCG-1,3
CACCGTTAGGGATCAC-1,2
CACCGTTGCGCGATAT-1,2
CACCTAATAGAGTCGT-1,2
CACCTAATCAGTTTAC-1,1
CACCTCGATGGTGGAC-1,1
CACCTCTACGAGTGTG-1,2
CACCTTGCGAAACTCG-1,1
CACCTTGGCGCCTTTG-1,1
CACGAAAGTTAGTCCC-1,3
CACGACCACAGACTTT-1,2
CACGACGTAATAGTAA-1,2
CACGACTAAAGTTCTG-1,2
CACGAGCAAACCAGAC-1,4
CACGATTGGTCGTTAA-1,6
CACGCACAGCGCAGCT-1,3
CACGCAGCGAGGCTTT-1,1
CACGGACGTGGATGGC-1,2
CACGGCGCGCCAAAGG-1,1
CACGGGATTGAGGGTT-1,6
CACGTCAATCAATGGA-1,3
CACGTCGGCAACCTCT-1,1
CACGTCGGGTTCTAGA-1,2
CACGTCTATGATGTGG-1,1
CACGTTCGTGCTCTAG-1,3
CACGTTTCGTACACAC-1,3
CACTAAAGTTGCCTAT-1,1
CACTACGGGAGCTGCC-1,1
CACTACTCAGTTCTGT-1,1
CACTCAAGAGCTATGG-1,3
CACTCAGCTCTTGAGG-1,1
CACTCCTATGTAAGAT-1,2
CACTCCTCTCGGTCGG-1,1
CACTCGAGCTGAACAA-1,3
CACTCTCAAGCATCGA-1,1
CACTCTTCTGCTAGCC-1,1
CACTGACGATTGTGGA-1,1
CACTGTCCAAGTGAGA-1,3
CACTTAATCAGACGGA-1,1
CACTTCGCCACAGGCT-1,5
CACTTCGTCTTATCTC-1,1
CAGAACTTAGCCCTCT-1,5
CAGAATAACACACGGA-1,1
CAGAATATTCGTTATC-1,3
CAGACACCGATCGCTG-1,3
CAGACGAACCTGATAC-1,1
CAGAGACGGTCACCCA-1,1
CAGAGCATGAGCTTGC-1,5
CAGAGCGATGGATGCT-1,3
CAGAGGCGATGCATGA-1,1
CAGAGTGATTTAACGT-1,1
CAGATAATGGGCGGGT-1,1
CAGATACTAACATAGT-1,1
CAGATATGAAGATGAC-1,2
CAGATCATTTAAAGTC-1,1
CAGATCCTGGTTTGAA-1,2
CAGATGTTTGTCCCAA-1,4
CAGCAGCCCGTTCCTT-1,5
CAGCAGTCCAGACTAT-1,2
CAGCAGTCTGTGCTGC-1,3
CAGCCCTCACAGGCAG-1,1
CAGCCGGGCCCTCTAT-1,1
CAGCCTCCTGCAGAGG-1,3
CAGCCTCGATAGCGGT-1,3
CAGCCTCTCCTCAAGA-1,1
CAGCGATTCCCTTCAA-1,1
CAGCGCCAACACGATA-1,2
CAGCTCACTGAGACAT-1,1
CAGCTCGACAAGTTAA-1,1
CAGCTCGTGCTTGTGT-1,3
CAGCTCTGGGCTCACT-1,2
CAGCTGGCGTAACCGT-1,4
CAGCTTAGTAGGTAGC-1,1
CAGGAAGACTTTATAT-1,1
CAGGACAGCTGCCCTT-1,3
CAGGATATATCGTTGT-1,1
CAGGATCCGCCCGACC-1,6
CAGGCAGTCTTACCAG-1,1
CAGGCCAGTACCACCT-1,4
CAGGCCGTTTGGGTGT-1,1
CAGGCGCACGGTGGTC-1,2
CAGGCGCCATGCTAGG-1,3
CAGGGAGATAGGCCAG-1,4
CAGGTTTAGTACTACA-1,2
CAGTAACTATTTATTG-1,1
CAGTAAGGGACGTCTC-1,4
CAGTAATCCCTCCCAG-1,3
CAGTACATTCTCTAAA-1,1
CAGTAGATGATGTCCG-1,2
CAGTAGCCCACGCGGT-1,2
CAGTAGCGAGGTAGTA-1,2
CAGTCCAACGCCTTCT-1,2
CAGTCGAGGATGCAAT-1,1
CAGTCGGCCTAGATAT-1,4
CAGTCTCTCGGCTAAT-1,2
CAGTCTGTATACTGGG-1,1
CAGTGAATAAATGACT-1,3
CAGTGGTTGCACATGA-1,6
CAGTGTCCGCAGAATG-1,3
CAGTGTCGGCTGGCCC-1,3
CAGTGTTAATCTCTCA-1,4
CAGTTCAAATTGACAC-1,1
CAGTTCCGCGGGTCGA-1,3
CAGTTCGAGGACCCGA-1,1
CATAAGAAGCTTGGCT-1,5
CATAAGCTCTCCGTCT-1,4
CATAATGAGCGGGCGA-1,1
CATACAAAGCCGAACC-1,5
CATACACAAAGTCAGC-1,4
CATACACGGTTCCCAC-1,1
CATACCCGTACCCAGT-1,1
CATACGAACTAGCTGG-1,2
CATACGGCGTCTGGGC-1,3
CATACGGGTGCATGAT-1,2
CATACTATGTAATTGT-1,1
CATACTTAGGCAATAC-1,1
CATACTTCTTTCTCCG-1,1
CATAGAGGAGATACTA-1,1
CATAGCCGCCCGGGAT-1,2
CATAGCGTTGCCCACC-1,1
CATAGGGACACTTGTG-1,4
CATAGTACATTGAGAG-1,1
CATAGTAGCATAGTAG-1,1
CATAGTCAAATACATA-1,3
CATAGTCCACAAGAAC-1,2
CATAGTGGGCACGCCT-1,3
CATATACTACTGATAA-1,1
CATATAGGTACAGTCA-1,1
CATATGTCAGGCTACG-1,4
CATATTATTTGCCCTA-1,1
CATCAAACTGGCGCCC-1,2
CATCAACACCTACTAA-1,2
CATCATCTACCCGGAC-1,1
CATCATTACCCTGAGG-1,1
CATCCAATATAGTTTG-1,2
CATCCCGAGATTCATA-1,3
CATCCGCAGGCCCGAA-1,3
CATCCTCTCAAAGATC-1,3
CATCGAATGGATCTCT-1,2
CATCGCCCGCGGCCAA-1,5
CATCGGACGGGTTAAT-1,1
CATCGTCCGGTTACTA-1,2
CATCTACCCGAGAACG-1,2
CATCTAGTGAAGGGAA-1,3
CATCTATCCCGTGTCT-1,1
CATCTGCAGGATCATT-1,2
CATGAACCGACATTTG-1,3
CATGAACCTCTTATCA-1,1
CATGACTTCGCTGAAT-1,1
CATGAGATGCACTCTC-1,5
CATGAGTCCATCACGG-1,1
CATGATACGGTGAAAC-1,1
CATGATCGCTTTGAGA-1,3
CATGATGCACAATTCT-1,1
CATGATGGAAGTTAGC-1,1
CATGCACATGAGAGGC-1,4
CATGCACGTGTTACTG-1,2
CATGCATGGAGACCCT-1,1
CATGCGACCAGTTTAA-1,1
CATGCGTTAGACAGAA-1,1
CATGCGTTGAGAGGAG-1,1
CATGCTGGCTCCAATT-1,1
CATGGAAATGGGACCA-1,2
CATGGATTGTCTTCCG-1,3
CATGGCAGGAAGATCG-1,1
CATGGCTCCCTATGTC-1,1
CATGGGTATGCCTTAT-1,5
CATGGGTCGGGTGTGG-1,1
CATGGTAAGTAGCGTT-1,1
CATGGTATTAGTTTGT-1,4
CATGGTCTAGATACCG-1,5
CATGGTTTATTAATCA-1,2
CATGTAGGAGCGCCAA-1,1
CATGTCTCATTTATGG-1,5
CATGTGGGCTCATCAC-1,1
CATTACATAGATTGTG-1,1
CATTACGCAGGAAGGG-1,1
CATTACGTCGGCCCGT-1,1
CATTATAACAGGGTCC-1,1
CATTATCCCATTAACG-1,2
CATTATGCTTGTTGTG-1,1
CATTCACTGACAGCTA-1,1
CATTCAGGTCAGTGCG-1,2
CATTCCCATTCCGTCG-1,1
CATTCCCTAAGTACAA-1,2
CATTCGTCGTAGCGGT-1,3
CATTGATGAACACGCC-1,1
CATTGCAAAGCATAAT-1,2
CATTGCGGGTCAATTC-1,1
CATTGTGTGCTAGATC-1,1
CATTTAGCGGACCATG-1,3
CATTTATCGTTCAAGA-1,1
CATTTCTAGCAGACTA-1,2
CATTTGAGTGGTACGT-1,1
CCAAACAGAACCCTCG-1,1
CCAAAGCAGTTGGTTG-1,2
CCAAAGTCCCGCTAAC-1,2
CCAAATAACAAGATTC-1,1
CCAAATCAAAGGGCAA-1,4
CCAACCTTATGTAACT-1,1
CCAACGATGCACTGAT-1,1
CCAACGCTTGCCAGGG-1,1
CCAACTTGATAGATCC-1,1
CCAAGAAAGTGGGCGA-1,1
CCAAGACTTCTGCGAA-1,1
CCAAGCGTAACTCGTA-1,3
CCAAGCTTGATCTCCT-1,2
CCAAGGAACAGAGAGG-1,3
CCAAGGTTGCCCTTTC-1,1
CCAAGTTTCTACAGAT-1,2
CCAATAGATTTCATCT-1,1
CCAATAGTGCCGTCGA-1,1
CCAATCGGTAGATCGA-1,1
CCAATGTCACAGCAAG-1,1
CCAATTACGGGTCGAG-1,1
CCAATTGAATGTTAAT-1,1
CCACAATGTACGTCTT-1,5
CCACACTGAGATATTA-1,1
CCACAGCTGAAATCAT-1,2
CCACATACTGCACCCA-1,1
CCACATGGCTCTTTAT-1,4
CCACCAACTTTACTGT-1,2
CCACCCAAGGAAAGTG-1,3
CCACCTGTATGGAATA-1,3
CCACGAATTTAACCTC-1,1
CCACGAGAAGAGAATC-1,1
CCACGGAGCCATAAGA-1,2
CCACGGCAGGTGTAGG-1,2
CCACGGTGCCCGGTAG-1,1
CCACGTAAATTAGACT-1,1
CCACTAAACTGAATCG-1,2
CCACTATCCGGGTCAC-1,1
CCACTCAGATCCGCAA-1,1
CCACTGTTTGGATTAA-1,1
CCACTTTCCTTCTAGG-1,1
CCAGAAACTGATGCGA-1,3
CCAGAAAGCAACTCAT-1,2
CCAGAGACAAAGCCGG-1,2
CCAGATAGTTGAGTGA-1,3
CCAGATGTAAATGGGT-1,2
CCAGCCTGGACCAATA-1,3
CCAGCGGGATCACCAG-1,3
CCAGCTACGCCTCATA-1,2
CCAGCTCGAACGCATT-1,5
CCAGGCGAGATGGTCT-1,4
CCAGGCTGGCGTCTGA-1,3
CCAGGGACGTGGCCTC-1,1
CCAGTAGTCTGATCCA-1,1
CCAGTCAAATCTCTTA-1,4
CCAGTCCATTATTCGA-1,2
CCAGTCTAGACGGCGC-1,1
CCAGTCTTGTCATAGA-1,3
CCAGTGTACAGACCGA-1,4
CCAGTTCGGTAACTCA-1,1
CCATAAACAACCCGAC-1,1
CCATAACCTGTGCAGT-1,4
CCATACCTTTACTTGT-1,1
CCATACTCGCCTCTCC-1,1
CCATAGAGGCTGCCAG-1,4
CCATAGGTTGGCGTGG-1,1
CCATAGTCAGTAACCC-1,1
CCATATGGAAACTATA-1,2
CCATATTGGATCATGA-1,2
CCATCATAAGAACAGG-1,2
CCATCCATACCAAGTC-1,5
CCATCGCAGTTAAACT-1,1
CCATCTTGTTCACAAT-1,2
CCATGCCCTAGATTTC-1,3
CCATGCCTGTTTAGTA-1,1
CCATGCTCTGCAGGAA-1,3
CCATGGCAAACGCTCA-1,2
CCATGGCCCTTGTACC-1,2
CCATGTTCATCTATAT-1,2
CCATTAGCGATAATCC-1,1
CCATTCCCTGCCCACA-1,1
CCATTGTTTCCTCCAT-1,1
CCATTTCTACCTATTA-1,3
CCCAAACATGCTGCTC-1,3
CCCAACATACGTCGCG-1,1
CCCAACCACACTAACA-1,3
CCCAAGAATGCACGGT-1,2
CCCAAGACAGAGTATG-1,2
CCCAAGTCATTACACT-1,3
CCCAATGAGATTTGCA-1,3
CCCAATTTCACAACTT-1,1
CCCACTCCACGGTATC-1,4
CCCAGAGGAGGGCGTA-1,1
CCCAGATTCCCGTGAC-1,1
CCCAGGAAGAATTCGA-1,3
CCCAGGTCTGAAGGCT-1,1
CCCAGTAAACTTGGGA-1,4
CCCAGTTAAGGCGCCG-1,5
CCCATATAGGTCGATT-1,3
CCCATTATTGTATCCT-1,1
CCCGAAGTTTCGCGAA-1,4
CCCGACCATAGTCCGC-1,1
CCCGAGTTTCTCCGTA-1,3
CCCGATAGCCTCGCCT-1,1
CCCGCAAATAATCATC-1,1
CCCGCAGCGCGAACTA-1,1
CCCGCAGGGCCCAAAG-1,1
CCCGCCATGCTCCCGT-1,3
CCCGCGCAATGCACCC-1,2
CCCGCTAGAGGGTTAA-1,6
CCCGCTTGCCCTCGTC-1,2
CCCGGCACGTGTCAGG-1,1
CCCGGCTAGGTGAGAA-1,2
CCCGGGTCGTTCAGGG-1,3
CCCGGTGGAAGAACCT-1,2
CCCGGTGTATCGGAAT-1,4
CCCGTAAGTCTAGGCC-1,4
CCCGTAGCTGGGAAGA-1,1
CCCGTCAGCGTCTGAC-1,1
CCCGTGACAGTGCCTT-1,1
CCCGTGAGGGCGGTGA-1,4
CCCGTGGGTTAATTGA-1,2
CCCGTTTCGCAGATGT-1,1
CCCTACCCACACCCAG-1,1
CCCTACTTGAACAATG-1,1
CCCTAGCTCTAAGGTC-1,1
CCCTAGGCAACAAGAG-1,4
CCCTAGTGTCAGGTGT-1,2
CCCTATGTAGAGCAGA-1,2
CCCTCAAGCTCTTAGT-1,2
CCCTCAGATCGAGAAC-1,2
CCCTCATCACAGAGTA-1,4
CCCTCATTCTGGAATT-1,3
CCCTCCTCGCTCGTAT-1,1
CCCTCGATAATACACA-1,2
CCCTCGGGAGCCTTGT-1,1
CCCTGAAATGAGTTGA-1,1
CCCTGATGTAACTCGT-1,1
CCCTGCGCTACGCATA-1,2
CCCTGGCTGTTCCTTC-1,4
CCCTGGGAGGGATCCT-1,3
CCCTGGTATGGGCGGC-1,1
CCCTGTTGGCAAAGAC-1,2
CCCTTCTCGTACGCGA-1,2
CCCTTTAATGGAGTTC-1,3
CCCTTTGACAGGTCTT-1,1
CCGAAACACGACCTCT-1,2
CCGAAAGTGGTGAGCA-1,1
CCGAACCTTCCCGGCC-1,3
CCGAAGCATTGACCAA-1,4
CCGAAGGGCGTACCGC-1,3
CCGAAGTATATTGTTC-1,2
CCGACAAACACATGAG-1,1
CCGACAAAGGGAGTGC-1,2
CCGACAATAGGCCGCC-1,1
CCGACGGGCATGAGGT-1,2
CCGACGTAAACACAAC-1,1
CCGACTCGCATAGTCT-1,1
CCGAGAAGTCGCATAA-1,1
CCGAGCTGTGCTTGTC-1,1
CCGAGGGATGTTAGGC-1,1
CCGATATGACGTAAGG-1,3
CCGATCTTAAGAGGCT-1,2
CCGATTGGTCAATGAA-1,6
CCGCACAAAGACCAAC-1,3
CCGCACACGAACGTGT-1,3
CCGCACGTGACCTCGG-1,1
CCGCACTTGCAATGAC-1,1
CCGCATGTGGTACGAT-1,4
CCGCCACCACAATCCA-1,1
CCGCCGGAACTTCTCG-1,4
CCGCCGGTCAACACAC-1,1
CCGCCGTTGAGGATAA-1,1
CCGCCTGCGAATTGGT-1,1
CCGCCTTGCGATGTCG-1,4
CCGCGCAAGATACCCA-1,4
CCGCGGAATGCGTCAC-1,1
CCGCGGGTACGAAGAA-1,1
CCGCGTAGGTAAGGGC-1,2
CCGCTATCAGCACCAG-1,1
CCGCTCCAGGGCGATC-1,3
CCGCTCCGGATAAGCT-1,4
CCGCTCTTCCGAACTA-1,3
CCGCTGGTGCCATTCA-1,1
CCGCTTACCTCACTCT-1,1
CCGCTTCGCGGTTAAC-1,2
CCGCTTGCTGACATGG-1,1
CCGGAAGTGCAATATG-1,1
CCGGAAGTTATCAGTC-1,3
CCGGAATGGTTTCAGT-1,5
CCGGAGCGTACTTTCT-1,1
CCGGAGGTCTTATGGT-1,2
CCGGCACGACCGTTTC-1,1
CCGGCCGCGAGCATAT-1,4
CCGGCGCATATTGGAT-1,1
CCGGCGTGAGACTCTG-1,4
CCGGGACCCGCAGAGA-1,1
CCGGGCGGTCTCGTCA-1,3
CCGGGCTAAGAATTTC-1,4
CCGGGCTGCTCCATAC-1,5
CCGGGTTCGAGGTTAC-1,1
CCGGTAATGGCTAGTC-1,1
CCGGTATCTGGCGACT-1,1
CCGGTGCGAGTGATAG-1,2
CCGGTTTGTAATTGTG-1,1
CCGTAAGTTGGTCCCA-1,3
CCGTACCCAAGCGCCA-1,1
CCGTAGGAAATCCCTG-1,3
CCGTAGGGTTGTTTAC-1,2
CCGTATCTCGTCGTAG-1,2
CCGTATTAGCGCAGTT-1,1
CCGTCAACCTCTGGCG-1,2
CCGTGAGGCATTCATG-1,1
CCGTGCCCATGACGGC-1,1
CCGTGGAACGATCCAA-1,3
CCGTGTTAAATTCCAT-1,1
CCGTTACGTTAGAACA-1,1
CCGTTCCGAATCTCGG-1,4
CCGTTTCCTTTCCGTG-1,1
CCTAAACAGGGTCCGT-1,6
CCTAAAGGCTGACGCT-1,1
CCTAAATTAACGGTTC-1,3
CCTAAATTGTATCCTA-1,1
CCTAACCCAAACAAGT-1,3
CCTAACTAAGGCTCTA-1,1
CCTAAGTGTCTAACCG-1,2
CCTACAAGTCCGGAAT-1,2
CCTACAGTTGAGGGAG-1,1
CCTACATTCACAGACG-1,2
CCTACGCGACCTTACA-1,2
CCTACGGCTCAGTCGA-1,5
CCTACTCAACACGATT-1,3
CCTACTGCGGCGGCCA-1,2
CCTACTGCTTACACTT-1,1
CCTAGGCGTAGCGATC-1,3
CCTAGGTAAAGGTAGC-1,4
CCTAGTTAGTCGCATG-1,1
CCTATAATGAGTGCCC-1,5
CCTATACCGTCCTGTC-1,1
CCTATATCGTGTCACG-1,4
CCTATATTTGTCCTGG-1,1
CCTATCTATATCGGAA-1,1
CCTATGAAGTGGTGCC-1,1
CCTATGGCTCCTAGTG-1,2
CCTATGGGTTACCGTC-1,3
CCTATGGTCAAAGCTG-1,3
CCTATGTCCACTCCAC-1,3
CCTATTATTCCGGCCG-1,4
CCTCAACGATCGCTGT-1,4
CCTCACCAATCTTGAC-1,5
CCTCACCTGAGGGAGC-1,1
CCTCACGTCAGCTAAT-1,3
CCTCATGCAGCTACGA-1,6
CCTCCCGACAATCCCT-1,1
CCTCCGACAATTCAAG-1,1
CCTCCTAGCTAGAGTC-1,1
CCTCCTGTTGTGTCGT-1,3
CCTCGAAGTGGACGGG-1,1
CCTCGACCCACTGCCT-1,1
CCTCGCCAGCAAATTA-1,2
CCTCGCGCGATATAGG-1,1
CCTCGCGCTGTGCGAT-1,3
CCTCGGACCGGGATAG-1,5
CCTCGGATGCTACCTG-1,6
CCTCGGTTTCCTTGCC-1,2
CCTCGTTACGCCTGTT-1,2
CCTCTAATCTGCCAAG-1,3
CCTCTACAAGGATTGG-1,2
CCTCTATCGATTAGCA-1,2
CCTCTCTCCCATCTAG-1,1
CCTCTGGCCTAGACGG-1,1
CCTCTGTACTATTCTA-1,3
CCTGAACGATATATTC-1,5
CCTGAATATTTACATA-1,3
CCTGACAAACTCGCGC-1,2
CCTGACCACCGATGGT-1,1
CCTGACGCAACCTTTA-1,2
CCTGAGAATAAATGCA-1,2
CCTGATTCGCGAAGAA-1,1
CCTGCGATAGAACTGT-1,2
CCTGCTACAACCATAC-1,1
CCTGCTATTTGAGAAG-1,3
CCTGGAAACGTTCTGC-1,1
CCTGGCTAGACCCGCC-1,1
CCTGGTCGAATGTGGG-1,5
CCTGTAAGACATGATA-1,1
CCTGTACTCACGCCCA-1,4
CCTGTCACCCGGGCTC-1,3
CCTGTCCCTCACGTTA-1,1
CCTGTCGCCCGTAAAT-1,3
CCTGTCGTGTATGAAG-1,4
CCTGTGAAACCGTAAC-1,2
CCTGTGCATAGGAGAC-1,2
CCTGTGCGGATTGTAA-1,2
CCTGTTCAACCTCGGG-1,5
CCTGTTTGAAGACACG-1,3
CCTTAAGTACGCAATT-1,1
CCTTCAGTTAAAGTGA-1,1
CCTTCCGCAACGCTGC-1,4
CCTTCGTATAGAATCC-1,3
CCTTCTCAGCGTTCCT-1,4
CCTTCTTGATCCAGTG-1,1
CCTTGACCACTTTATT-1,1
CCTTGTGAACGTGGTT-1,1
CCTTTAAGGGAGCACT-1,1
CCTTTCAATGAAGAAA-1,1
CCTTTGAATTATGGCT-1,4
CGAAACATAGATGGCA-1,1
CGAAACGCAATTCATG-1,1
CGAACATAGTCAGAAA-1,2
CGAACCCGCATGCGTC-1,1
CGAACCTCTTTCCTAG-1,4
CGAACGCCCAGTGCCG-1,1
CGAAGACGGTGAGTGC-1,1
CGAAGACTGCCCGGGA-1,6
CGAAGATCAGTTTCAT-1,1
CGAAGCCACAGCATGG-1,4
CGAAGCTATAAATTCA-1,1
CGAAGGGTTTCAGATT-1,1
CGAAGTTGCTCTGTGT-1,1
CGAATCTGCTCGACGC-1,2
CGAATGAAGTCATTGC-1,2
CGAATGACGCATAATG-1,3
CGAATGGTAGGTCGTC-1,4
CGAATTACATGGTGTT-1,6
CGAATTCCCGGTTCAA-1,3
CGACACCGCTTAAGGA-1,2
CGACACGGATGCCCAC-1,2
CGACAGTTCGCGTTAT-1,1
CGACATGCGATCTTCT-1,1
CGACCCTTAACGCCGG-1,4
CGACCGTTGGTATTCG-1,4
CGACCTACTAGACAAT-1,4
CGACGCATCCGTACCT-1,4
CGACTCAGGATGTTAT-1,1
CGACTCGGTACACGGT-1,2
CGACTTGCCGGGAAAT-1,4
CGACTTTGTATAGCCT-1,1
CGAGACCCTAGAGTGT-1,1
CGAGACTACTGCTGCT-1,1
CGAGAGATGTGAACCT-1,3
CGAGAGCGCGTAGATA-1,4
CGAGAGCTTTCACTAC-1,2
CGAGAGGGTAGCCGCG-1,3
CGAGATGTTGCCTATA-1,2
CGAGATTTCGCTCGGG-1,1
CGAGCACTTCAAGTTT-1,1
CGAGCCGAGCACTCGA-1,2
CGAGCGTTGATCAGCC-1,3
CGAGCTGGGCTTTAGG-1,1
CGAGGAGCTTCCATAT-1,1
CGAGGATCGGGAACGA-1,3
CGAGGCCAGGCATTGG-1,2
CGAGGCTAAATATGGC-1,3
CGAGGGACTGCGGTCG-1,3
CGAGGGTATCCAGGTG-1,5
CGAGTACTAAAGAGGA-1,1
CGAGTGAAGGTACCAG-1,2
CGAGTGCTATAGTTCG-1,1
CGAGTTCTGTCCCACC-1,1
CGATAACCAATTTGAG-1,2
CGATAATACTCAGGTT-1,1
CGATACCTCGCGGACA-1,1
CGATAGCGATACAGTG-1,1
CGATAGTCGTACTGCA-1,2
CGATATTAGCCGCAGG-1,6
CGATCATTAGAGGCAC-1,2
CGATCCACCATTGTTG-1,3
CGATCCGACCCAGTGC-1,1
CGATCCTCGCAACATA-1,1
CGATCGAGAAGCACCA-1,3
CGATCTGTTGGAGGAC-1,4
CGATGGACCCTACGCC-1,1
CGATGTTGTTATCTAC-1,4
CGATTAAATATCTCCT-1,3
CGATTCGCCTGGCTGC-1,5
CGATTTGTCATTAATG-1,4
CGCAAACACGAGTTAC-1,3
CGCAATCGATCATTAG-1,1
CGCAATTACTTTCGGT-1,3
CGCAATTAGGGTAATA-1,1
CGCAATTCTACAATAA-1,3
CGCACATGTCCACTAC-1,5
CGCACGTCTGTTTATG-1,2
CGCAGAAACATTTGCG-1,1
CGCAGATCTTCACCCG-1,1
CGCAGGCGATCCAAAC-1,3
CGCAGTTCTATCTTTC-1,3
CGCATCATGGCTTCAG-1,1
CGCATCCATCAGCCAG-1,1
CGCATGCCGAATGCGT-1,2
CGCATGGTGCGATGCT-1,1
CGCATTAGCTAATAGG-1,3
CGCCAATTATTGCGTT-1,2
CGCCACAGGTCGCGAT-1,4
CGCCACCCGCATTAAC-1,2
CGCCAGTAGTACCTTG-1,4
CGCCATCCGATTATGA-1,1
CGCCCAGCACGCCTAG-1,1
CGCCCAGCGTTTCACG-1,2
CGCCCGCTTCCGTACA-1,3
CGCCCTAATTGTTCAA-1,2
CGCCCTTACATCCACC-1,2
CGCCCTTGAAGGCTGA-1,2
CGCCGACTATTCGCTA-1,2
CGCCGCCCATGCCTGT-1,5
CGCCGCGTTCTGAACG-1,1
CGCCGGTGTCGCAGTA-1,2
CGCCGTCTACCCATCG-1,1
CGCCGTTCAGCATAGT-1,1
CGCCTCCCTCCTCTAT-1,3
CGCCTGGCCTACGTAA-1,4
CGCCTTTAGCATGCTC-1,1
CGCGAAGTGGCATACT-1,3
CGCGACACTGCGCAGC-1,2
CGCGACCGCGACAGAT-1,3
CGCGAGAGGGACTTGT-1,1
CGCGAGTCTGCCGGGT-1,2
CGCGCAAATGTCCAGA-1,2
CGCGCAAGGAACTACA-1,2
CGCGCATGTTTGATTG-1,1
CGCGCCCGACTTAATA-1,1
CGCGGCAGTATTACGG-1,2
CGCGGGAATTAGGCAG-1,5
CGCGGGAATTCCTTTC-1,3
CGCGGTAAGTCTAGCT-1,1
CGCGGTACGGTATACA-1,3
CGCGGTCACAAACCAA-1,1
CGCGTACATTCTGGAA-1,2
CGCGTCATATTAAACC-1,1
CGCGTGCTATCAACGA-1,2
CGCGTGGGCCTGTGTT-1,4
CGCGTTCATGAAATAC-1,1
CGCTACCGCCCTATGA-1,2
CGCTACGGGACATTTA-1,1
CGCTATACCGCCCACT-1,3
CGCTATCGTGGCTTTA-1,2
CGCTATTCAATGTATG-1,3
CGCTATTCTTAGGCTC-1,3
CGCTCGACATAATGAT-1,1
CGCTCTCCGTAGATTA-1,1
CGCTGAGGACGTCCAA-1,6
CGCTGTGACGCCGCAC-1,3
CGCTGTGTGGATGTTG-1,1
CGCTTAGTATTGATAC-1,1
CGCTTATTCCCGGTCG-1,2
CGCTTCCACTGAAATC-1,3
CGCTTCGGTCTAAGAC-1,1
CGCTTGGACGGATAGA-1,3
CGCTTTCATACCGGTG-1,1
CGCTTTCCGCCAAGGT-1,1
CGCTTTCTTGCATTCG-1,5
CGGAAAGAATCAAACG-1,1
CGGAAAGCAAATGTGC-1,2
CGGAAATTTCACATCC-1,1
CGGAACGTAAACATAG-1,1
CGGACCTCTGTAGTTA-1,1
CGGACCTTTACGTCCC-1,1
CGGACGTTACTTGAAG-1,4
CGGAGCAATTTAATCG-1,3
CGGAGCATGGCGATCC-1,1
CGGAGCTTATAACACC-1,1
CGGAGTCCTAACCTGG-1,2
CGGAGTTTGAGAGACA-1,1
CGGATAAGCGGACATG-1,2
CGGATCCTCAAGGACT-1,3
CGGATGAATGCTGTGA-1,2
CGGATTCTGCCTTATG-1,4
CGGCAAACATCGTGCG-1,3
CGGCAATAAGATCGCC-1,1
CGGCACCGTTAGCGCC-1,1
CGGCACTCAAGAAAGT-1,6
CGGCCACGCACAAAGT-1,1
CGGCCAGAGCGACCAT-1,3
CGGCCCAACCTGTAGT-1,1
CGGCCCAGGTATATCC-1,1
CGGCGCCATCAATCCC-1,3
CGGCTCTAAAGCTGCA-1,1
CGGCTCTTCGTCGAAC-1,3
CGGCTGAAGGTTACGC-1,2
CGGCTGCAAGATTAAG-1,1
CGGCTTTGTATGATAA-1,1
CGGGAACGCCCTGCAT-1,4
CGGGAAGTACCGTGGC-1,4
CGGGAATATAGTATAC-1,1
CGGGAATTTATGTAAA-1,3
CGGGAGTATACCGCCG-1,2
CGGGATCAATGTAAGA-1,3
CGGGCAGCTAAACCGC-1,5
CGGGCCATAGCCGCAC-1,1
CGGGCCTTCTTTGTAA-1,1
CGGGCGATGGATCACG-1,1
CGGGCTACTTAAATTG-1,2
CGGGTGTACCCATTTA-1,5
CGGGTTCGGCACGTAT-1,2
CGGGTTGTAGCTTTGG-1,2
CGGGTTTGTTAGGGCT-1,1
CGGTACGGCAAACCCA-1,4
CGGTACTAGAATCAAA-1,5
CGGTAGAGGTGCAGGT-1,1
CGGTATAGGTATTAGC-1,1
CGGTATGGGCACTCTG-1,2
CGGTCAAGTGGGAACC-1,3
CGGTCAGTCCATATTT-1,3
CGGTCCATGAGACTCC-1,1
CGGTCCGTCGCAAGCC-1,1
CGGTCTATCAACCCGT-1,2
CGGTGAAGACTAAAGT-1,2
CGGTGCAGATAGAACG-1,1
CGGTGCGCGTTGGTCC-1,1
CGGTGGGCTCCAGCCT-1,1
CGGTGTACTTGATCCC-1,5
CGGTTCAAGTAGGTGT-1,1
CGGTTCCGGCTTCTTG-1,6
CGGTTGACCTGGCATA-1,2
CGGTTGAGTATCCTTC-1,2
CGGTTGGGCAGGGTCC-1,1
CGGTTGGGTTCAAGTT-1,2
CGGTTTACTGAACATT-1,2
CGGTTTATGAAGGAAC-1,1
CGTAAACGCTTGAGTG-1,2
CGTAAAGCAAGAAATC-1,2
CGTAAATAACAAAGGG-1,1
CGTAACGGAACGATCA-1,2
CGTAACTTCGACACTT-1,3
CGTAATAATTACGAGT-1,2
CGTAATATGGCCCTTG-1,1
CGTACCGAAAGTCTAG-1,2
CGTACCTGATAGGCCT-1,3
CGTAGAGAGTAATTAT-1,2
CGTAGCGAATTGTCAG-1,1
CGTAGCGCCGACGTTG-1,1
CGTATCTAGAACTAAG-1,3
CGTATTAAGAGATCTA-1,5
CGTATTGTTTCCTAAT-1,2
CGTATTGTTTGGCGCC-1,4
CGTCAAATGGTCGCAG-1,2
CGTCAAGGCTATAAAT-1,4
CGTCAATCTTTAACAT-1,2
CGTCACGTCCATTGGT-1,1
CGTCAGCTATTTACTC-1,2
CGTCAGTGCGCACAAG-1,3
CGTCAGTTTATCGTCT-1,1
CGTCATACCATATCCA-1,6
CGTCCAGATGGCTCCA-1,2
CGTCCTCATCGCGTGC-1,1
CGTCGCATGTGAGCCA-1,1
CGTCGCGGCGGGATTT-1,2
CGTCGCTTGGTTATAC-1,2
CGTCGGGTCTAAGCGC-1,6
CGTCGTCCTTCGCGAA-1,5
CGTCTCTCGCCGAGGC-1,2
CGTCTGGAAGGGCCCG-1,1
CGTCTTGAGTGTGACG-1,3
CGTGAACTGACCCGAT-1,4
CGTGAAGTTAATTCAC-1,1
CGTGACATTGGGTCGT-1,1
CGTGACCAGTCCTCTG-1,1
CGTGCACACCACTGTA-1,1
CGTGCAGACTGGGACA-1,1
CGTGCATTGTCGACGC-1,1
CGTGCCCGACATTTGT-1,2
CGTGCCCTCCCGAAGA-1,5
CGTGCTGGCCTAGTCG-1,1
CGTGCTTCTACCTAAA-1,2
CGTGGAAGCCTCGTAC-1,3
CGTGGCCGAATATCTA-1,1
CGTGGTACCCAAAGGC-1,3
CGTGTATGGGAGCTGA-1,1
CGTGTCCCATTCGCGA-1,1
CGTGTCTCGTTACGAC-1,2
CGTGTGTTAAACCCTG-1,1
CGTTAAACTAGTTAGG-1,1
CGTTAAATACGACCAG-1,3
CGTTAATGTCCCGACG-1,3
CGTTAGCTCACAACTG-1,1
CGTTATCATACTTCCA-1,4
CGTTCAAGGAAACGGA-1,3
CGTTCAGACCCGCGAA-1,5
CGTTCTTCGCACACCT-1,1
CGTTGAATACCGCGCT-1,5
CGTTGAGCGACCGTCG-1,3
CGTTGAGTAATTGCGT-1,1
CGTTGCCCGCGTGGGA-1,3
CGTTGTAAACGTCAGG-1,2
CGTTGTAAGATTGATT-1,1
CGTTGTCGGCAATTGA-1,5
CGTTGTTTCAATTCCC-1,1
CGTTTAAGCGGAGCAC-1,1
CGTTTACAAGGCAGCT-1,1
CGTTTCACTTCGGGCG-1,1
CGTTTCGCTCATTACA-1,1
CGTTTCGGTTATATGC-1,1
CGTTTGGTGTTGTGGG-1,3
CGTTTGTGTAGAGGGT-1,1
CTAAACGGGTGTAATC-1,2
CTAAAGAATGCCTACT-1,1
CTAAAGGATGAGATAC-1,1
CTAAAGGGAAATAGGA-1,1
CTAAAGTCCGAAGCTA-1,2
CTAAATCCGGTGTACA-1,1
CTAAATCCTATTCCGG-1,3
CTAACAGCACAATAAC-1,4
CTAACCGCGCGCCCGT-1,1
CTAACTGATAATCGCC-1,3
CTAACTGGTCCGGTTC-1,2
CTAAGGGAATGATTGG-1,1
CTAAGTACAGGGCTAC-1,2
CTAATTATGAAGCGTA-1,2
CTAATTCGCACGCGCT-1,1
CTAATTCTCAGATATT-1,1
CTAATTTCAACAACAC-1,3
CTACAAGAAATAACCC-1,3
CTACACTAGCTTGTTC-1,6
CTACACTCGCAGATGG-1,3
CTACATATCGCGGGAC-1,4
CTACGAACTAGGTCGA-1,1
CTACGACTAGCTATAA-1,4
CTACGATCCTATCCTA-1,2
CTACGCACGGAGTACC-1,1
CTACGCCATTTCCGAT-1,1
CTACGTGTTGCCACCA-1,2
CTACTATCATAGGTTT-1,2
CTACTCAAGGTATAGT-1,1
CTACTCTAGGCCCGGC-1,1
CTACTGCCACCTGACC-1,5
CTAGACATATATGTAG-1,2
CTAGACTGCATTTCGT-1,1
CTAGATAAACTCCTCG-1,2
CTAGATGTGAGTGTAA-1,1
CTAGATTTACGACGGC-1,1
CTAGCAACTAATTTAC-1,2
CTAGCATAGTATAATG-1,1
CTAGCCACAGGCGAGC-1,3
CTAGCCCGGGAGACGA-1,2
CTAGCCGATGTTATGA-1,1
CTAGCGCCAATCCTAC-1,2
CTAGCTTAATGGTCCC-1,3
CTAGGCGGCAGAGAAT-1,1
CTAGGGATAGGGACAA-1,1
CTAGGTCTGAAGGAAT-1,2
CTAGGTTCGGACGTGA-1,3
CTAGTAGAAAGGGATT-1,3
CTAGTATTCGGAATTA-1,1
CTAGTCACGTCTTAAG-1,3
CTAGTGAAGGACAGGA-1,1
CTAGTTACAACCCGGT-1,3
CTAGTTGGGCCCGGTA-1,5
CTATAAGAGCCAATCG-1,1
CTATAAGTAGGGTTTG-1,4
CTATACTTAAAGCGAG-1,4
CTATAGGCGTTGATGT-1,1
CTATATCCAGCCTGGC-1,2
CTATCACAACGCTGGA-1,2
CTATCGACGAAATACA-1,1
CTATCGCGTAGAGAAC-1,3
CTATCGGGTCTCAACA-1,1
CTATGAACACCTTGCC-1,2
CTATGCCCGAATGCAA-1,5
CTATGGGAAGCGGAAT-1,1
CTATGTCACTAGCCCA-1,1
CTATGTCTATTGAAAC-1,3
CTATTCATGTGTCCCA-1,1
CTATTGTGTTTGGTCA-1,1
CTATTTGCTTGGAGGA-1,3
CTATTTGGTTACGGAT-1,3
CTCAAACCACTGCCCG-1,1
CTCAACTAACCCGGAT-1,3
CTCAAGACATTAGCGC-1,1
CTCACACGCAAGCCTA-1,2
CTCACATTTACTAAAT-1,2
CTCACCAGTACAAGTG-1,1
CTCACCGATCCAAACT-1,1
CTCACTGTGATACTTA-1,1
CTCACTTGGCTGGTAA-1,4
CTCAGAGCTAATGTCG-1,1
CTCAGATTGTGATAAG-1,4
CTCAGCAGACTGCCGA-1,2
CTCAGGACTCACCTGT-1,1
CTCAGTCACGACAAAT-1,1
CTCATAAATGTGTATA-1,1
CTCATCACTTAGTGAT-1,1
CTCATGGCTCACAATC-1,1
CTCATGGTAATTTGCG-1,2
CTCATTAACGTTGCCC-1,2
CTCATTCGTGAACATC-1,1
CTCATTGCTCTAACAA-1,5
CTCATTTGATGGGCGG-1,1
CTCCCAATGAGTCGCG-1,1
CTCCCTCCTTTCGATC-1,2
CTCCCTTGTATCAAGG-1,4
CTCCGAGTAAATCCGC-1,2
CTCCGCCCACATGAGG-1,1
CTCCGGCCTAATATGC-1,1
CTCCGGCTTGTAGACA-1,1
CTCCTAAGTTATGTCT-1,2
CTCCTAGTAATCGTGA-1,4
CTCCTCCAGCTCACAC-1,1
CTCCTGTTCAAGGCAG-1,1
CTCCTTTACGCAAGTC-1,1
CTCGAATGGAACGTAT-1,2
CTCGAGACATACGATA-1,4
CTCGAGATCCAAAGCA-1,2
CTCGAGGCAAGTTTCA-1,2
CTCGAGGTCGAACAGT-1,5
CTCGATATTTGCGAGC-1,1
CTCGCACCTATATAGT-1,3
CTCGCATTGCATAGCC-1,2
CTCGCCGAATGTAGGG-1,5
CTCGCTAGGTAAGCGA-1,1
CTCGGGATAACACCTA-1,1
CTCGGGCATCGTCGGG-1,1
CTCGGGTTCTCTGGCC-1,2
CTCGGTACCACTGCTC-1,3
CTCGGTCCGTAGCCTG-1,1
CTCGGTTGTCGGCCCT-1,2
CTCGTCGAGGGCTCAT-1,2
CTCGTCTGTGCCTTCG-1,1
CTCGTGGCACTGAAAG-1,1
CTCGTTACGGCTACCA-1,1
CTCGTTTCTAATGTTT-1,1
CTCTAACACCGGCAGC-1,1
CTCTAATGCATTGATC-1,1
CTCTACATCCTGCGTG-1,5
CTCTAGCCCTCGGAAA-1,2
CTCTATTTGGCTGCAG-1,1
CTCTCACAATCGATGA-1,3
CTCTCGATGTGCGCCT-1,1
CTCTCGCTGTACTATG-1,1
CTCTCTAACTGCCTAG-1,2
CTCTGCAGGCATTCTT-1,2
CTCTGCGAAGCAAGCA-1,3
CTCTGGACGCCTGGTG-1,3
CTCTGTCCATGCACCA-1,1
CTCTGTGCCTGCTATG-1,6
CTCTGTTTGAGGATTC-1,1
CTCTTCTGGAAGTTAG-1,3
CTCTTGTCCCGCTTGG-1,1
CTGAAACGGCCCTCAG-1,2
CTGAAAGAGATCCGAC-1,1
CTGAATCCGAGACCTC-1,1
CTGAATTTATTGCCAG-1,1
CTGACATAGAAATAGA-1,3
CTGACTGCGCAGCTCG-1,1
CTGAGAAAGTTCGGCG-1,1
CTGAGAGTAGAAATAC-1,3
CTGAGCAAGTAACAAG-1,2
CTGAGCGAGACTTATT-1,1
CTGATCCCTTTATGCA-1,2
CTGCAAATGGGCTCCA-1,2
CTGCAAGCACGTTCCG-1,1
CTGCACAACTACATAT-1,3
CTGCACCTAGTCCACA-1,1
CTGCACCTGGAACCGC-1,1
CTGCACTCCAGTACAG-1,5
CTGCAGAGAATCAGAG-1,3
CTGCAGGGTGACGCTC-1,3
CTGCAGGTGCTCGGCC-1,2
CTGCCAAGGTTGGAAG-1,1
CTGCCATGCATCACAT-1,1
CTGCCCACGAAGCGTT-1,2
CTGCCTAGCCACCAAG-1,1
CTGCCTCATATGCAAC-1,1
CTGCCTTTAATACCTT-1,2
CTGCCTTTCTAGTAAA-1,3
CTGCGACCTCGCCGAA-1,1
CTGCGATTTCGAGATT-1,1
CTGCGGGTGAAATGTT-1,2
CTGCGGTAGTCACGTG-1,1
CTGCGTTACGATATAA-1,1
CTGCTCTCAACACACC-1,2
CTGCTCTGACGGCAAA-1,1
CTGCTGAGGCCACGAA-1,2
CTGCTGTCTAACGAGC-1,3
CTGCTTGGCGATAGCT-1,3
CTGCTTTATGTCCGCG-1,1
CTGGAAATGGATGCTT-1,3
CTGGAAGACACGGTGG-1,3
CTGGACGCAGTCCGGC-1,4
CTGGATTTACACTTGA-1,1
CTGGCATCCGAATGAG-1,2
CTGGCGACATAAGTCC-1,2
CTGGCGATTTACATGT-1,1
CTGGCGCACAGGTCTG-1,3
CTGGCGGGAATAAGTA-1,2
CTGGCTCCTGCGGGAT-1,2
CTGGCTGCTAACGTAA-1,2
CTGGCTGGTTGTCAGT-1,1
CTGGGATAAATAATGG-1,5
CTGGGATACGCTACCC-1,1
CTGGGATCGCCCAGAT-1,1
CTGGGCACTAGTCGGA-1,2
CTGGGCCTGCTATATC-1,4
CTGGGCGGCCAAATGT-1,1
CTGGGCTACTGGAGAG-1,3
CTGGGCTATCCTTTGG-1,2
CTGGGTAGGCAGTTAA-1,3
CTGGGTTGAGTTAAAG-1,4
CTGGTAAAGACTTACA-1,1
CTGGTAAAGTGTGGGC-1,1
CTGGTAACACATAGAA-1,3
CTGGTCATTCCAATCC-1,2
CTGGTCCTAACTTGGC-1,1
CTGGTGAATGGGCCTA-1,2
CTGGTTCAACGCATCA-1,2
CTGGTTCGCGAGCTAC-1,3
CTGGTTTCGAGCAAGA-1,3
CTGTACTTCTTAGCAT-1,1
CTGTAGCCATCTCACT-1,3
CTGTAGTGAGGATCGA-1,1
CTGTATGGTGTAGAAA-1,5
CTGTCAAATGGCTCGG-1,1
CTGTCACGCCAGGCGC-1,1
CTGTCCTGCGCACTAC-1,2
CTGTCTGTGGCTGGCT-1,2
CTGTGCAGGGTAGGTC-1,1
CTGTTACCCAATCTAG-1,1
CTGTTCACTGCCTGTG-1,3
CTGTTCATCTCACGGG-1,5
CTGTTGGCTCTTCTGA-1,2
CTGTTGTTCAGTCGTA-1,2
CTTAAATAAGACCCAT-1,1
CTTAACTTACAGTATA-1,3
CTTAACTTCGAAGTAC-1,1
CTTAAGCAGCGAGCCG-1,4
CTTAATCGACTTAGTA-1,1
CTTACACGGTATTCCA-1,1
CTTACACTGGGAAATA-1,1
CTTACATAGATTTCTT-1,1
CTTACTGACTCCTCTG-1,5
CTTAGATGTTTCATCC-1,1
CTTAGCCCGGATAGTG-1,1
CTTAGCCTTCCACATG-1,1
CTTAGGTATAGACCAG-1,2
CTTAGGTCCCAATCGT-1,3
CTTAGTAGGCCTACAG-1,1
CTTAGTGTAGTAGCAT-1,3
CTTAGTTGAGGAATCG-1,2
CTTATAGATGGCTGTT-1,1
CTTATGCGCTCAGGGC-1,4
CTTATGTTGACTACCA-1,6
CTTCAACTCCACTTGG-1,5
CTTCACGCCCTGGTAC-1,2
CTTCAGTGGTCGCCTA-1,2
CTTCAGTTGGACAACG-1,1
CTTCATAGCTCAAGAA-1,5
CTTCATCACCAGGGCT-1,1
CTTCATTGTCAGTGGA-1,1
CTTCCGCTCCGTGAAG-1,1
CTTCCTGCATATTTAC-1,2
CTTCGATTGCGCAAGC-1,1
CTTCGGCCAATTGTTT-1,1
CTTCGTAGATAGGTGA-1,1
CTTCGTGCCCGCATCG-1,2
CTTCTATGTTGAAGTA-1,2
CTTCTATTAATGCTAG-1,1
CTTCTGGGCGTACCTA-1,2
CTTCTTACGTCGTATA-1,1
CTTGACCCGAAAGATA-1,1
CTTGAGGTTATCCCGA-1,2
CTTGATGACCATCCAG-1,1
CTTGCAACCGCCTCCT-1,4
CTTGCCCACCCACGCA-1,1
CTTGCCCAGGCTCTAC-1,1
CTTGGCCAAGCTGGGA-1,3
CTTGTACTTGTTGACT-1,1
CTTGTCAACATTCGAG-1,1
CTTGTCGTACGTGTCA-1,2
CTTGTGAGGACAGCGG-1,2
CTTGTGAGTCTTTGAC-1,2
CTTGTGCTCACCGATT-1,1
CTTGTTGCTGAGTCAA-1,3
CTTGTTTATGTAGCCA-1,1
CTTTAACTTTCAAAGG-1,3
CTTTAATATTGGTCGA-1,3
CTTTACCGAATAGTAG-1,5
CTTTAGGAACACTGTT-1,5
CTTTAGTGCTATTATT-1,1
CTTTATCCGACGCATG-1,3
CTTTCTGTGCGGGCTT-1,3
CTTTGAAACATATTCC-1,6
CTTTGACGTCGCTTCT-1,4
CTTTGCATCGCTCTTG-1,3
CTTTGCTGTCATGGAT-1,1
CTTTGGCAGACAGAGT-1,2
CTTTGGCTTTAGTAAA-1,1
CTTTGGGATTGTTGCA-1,1
CTTTGTCGAATGCTCC-1,4
GAAACAGCCATGCAGT-1,1
GAAACATAGGAAACAG-1,2
GAAACCATGGTGCGCT-1,1
GAAACCGAATTACCTT-1,1
GAAACCTATACAAATG-1,1
GAAACTCGTGCGATGC-1,1
GAAACTCTAATGAAGG-1,1
GAAAGAACAGCGTTAT-1,1
GAAAGCAGTGCACTTT-1,1
GAAAGCCCTTTGGACC-1,4
GAAAGTGACTAACTGC-1,5
GAAATACCTGCTGGCT-1,1
GAAATACTAAACGTTT-1,6
GAAATATCACCATCAG-1,2
GAAATATGCTTGAATG-1,1
GAAATCGCGCGCAACT-1,1
GAAATCTGACCAAGTT-1,2
GAAATGGCGGTGTTAG-1,1
GAAATGGGATGTAAAC-1,2
GAAATTAGCACGGATA-1,1
GAAATTCACATCGCTG-1,1
GAAATTGTCTCTATAA-1,1
GAACAACTGGGATGAA-1,3
GAACACACATCAACCA-1,1
GAACAGATTACTAAAT-1,3
GAACATTAGTATGTTA-1,2
GAACCATCTGGGAGAC-1,1
GAACCCTCTGTGTTCT-1,5
GAACCTTTAACGATCC-1,1
GAACGACCGAATGATA-1,3
GAACGATAAGTTAAAG-1,1
GAACGCGGGTCACACG-1,1
GAACGGTGTAAAGCAG-1,2
GAACGTCTCATGGTCG-1,5
GAACGTTTGTATCCAC-1,1
GAACTGTGGAGAGACA-1,5
GAACTTAGCGCCCGGT-1,2
GAACTTGTGCACGGGA-1,2
GAAGAAACGATATTGT-1,2
GAAGAACGGTGCAGGT-1,3
GAAGACTTCAATGCCG-1,1
GAAGCAAGGCAATGTT-1,2
GAAGCCACTGATTATG-1,1
GAAGCCGGGTAAGCTC-1,2
GAAGCCTGCACATTCC-1,3
GAAGCGTGAGGAATTT-1,1
GAAGCTCGGACCCGTC-1,2
GAAGCTCTTTGCTTAG-1,2
GAAGCTTGCTGACCGC-1,1
GAAGGACTAAATTGAA-1,2
GAAGGAGTCGAGTGCG-1,5
GAAGGCTACCATTGTT-1,1
GAAGGGCATAACCATG-1,2
GAAGGGTCATTAAGAC-1,1
GAAGTCAGTTGCACTA-1,1
GAAGTGATTTATCGTG-1,1
GAAGTGCTGGATAGCT-1,1
GAAGTTTCCACTCAAT-1,1
GAATAGCATTTAGGGT-1,1
GAATAGCCCTGCGGTC-1,1
GAATAGTGCTCGATTA-1,1
GAATATTCGGAGTCCC-1,1
GAATCGACATGGTCAC-1,3
GAATCGCCGGACACGG-1,5
GAATCTATACTCGGAC-1,1
GAATCTGAACATTCTC-1,1
GAATGAAGGTCTTCAG-1,2
GAATGCCGAAATGACC-1,6
GAATGCGAATCGGTTC-1,1
GAATGGGCTTATCGAC-1,4
GAATGTATGGCAGGTC-1,1
GAATGTGGTCCGGATT-1,5
GAATGTTGGGTAATCT-1,3
GAATTATAGTGAAAGG-1,1
GAATTATGCAACCTAC-1,2
GAATTCACCCGGGTGT-1,1
GAATTTCTCGCTGCAG-1,3
GACAACGACCATTGAA-1,3
GACAACGCAGCTTACG-1,1
GACAAGACGCCCGTGC-1,3
GACAAGAGATGAGATT-1,1
GACACAAGGGAAGAAA-1,3
GACACAGCCGGGACTG-1,1
GACACCCAAAGACGCG-1,1
GACACGAGTTAGAGGA-1,1
GACACTGAGTTCAGTG-1,1
GACACTGGAACCCGAT-1,1
GACACTTCCAATTACC-1,1
GACAGAGGTCTTCAGT-1,1
GACAGATTTCTGGCTC-1,4
GACAGCCAGACCTGAC-1,5
GACAGGCACACACTAT-1,4
GACAGGTAATCCGTGT-1,1
GACATACTGTCGCAGA-1,2
GACATCCGTCGAACTG-1,1
GACATCGATTTATAAC-1,1
GACATTTCGCCCAGCC-1,4
GACCAAACGTTGACTG-1,3
GACCACACTTCCCTTT-1,1
GACCAGAGCCCTGTAG-1,1
GACCAGGTCATTCATA-1,1
GACCCAATTATGATAC-1,2
GACCCGTCGCCGGCTA-1,1
GACCGACCGCTAATAT-1,2
GACCGACGTGAAAGCA-1,1
GACCGACTGAAGCGTC-1,2
GACCGATTAAATATGT-1,2
GACCGCGTCTGACGTG-1,1
GACCGGTGATACTCTC-1,4
GACCGTCAGGTCGTGA-1,1
GACCGTGCTGACGGTG-1,1
GACCTGGTCTGGGCGT-1,2
GACGACGATCCGCGTT-1,3
GACGACTTTCCAAGAA-1,2
GACGAGGCTAATAAAC-1,3
GACGATATCACTGGGT-1,2
GACGCATACCCGTCGG-1,4
GACGCCGTAAAGGCTA-1,1
GACGCCTGTTGCAGGG-1,2
GACGCTTGCTTCTAAA-1,1
GACGGACCGCGTTCCT-1,1
GACGGGATGTCTTATG-1,2
GACGGGCATCGAATTT-1,1
GACGGGTTGGCCCGTA-1,1
GACGGTCAATAGAAGC-1,1
GACGGTCCTAGGGTGT-1,3
GACGTGAGACTCCATG-1,6
GACGTGTAGGGATTAT-1,1
GACGTTCGTAAATACA-1,1
GACGTTGCTCGGCGGC-1,2
GACTAACACAGCACCT-1,3
GACTAAGATCATGCAC-1,1
GACTAAGTAGGCTCAC-1,1
GACTACAATTGCTCGT-1,1
GACTAGGCCGTTAGGT-1,1
GACTCACCCACGTGAG-1,1
GACTCCCAGAATAAGG-1,1
GACTCCTTCCAATTGA-1,4
GACTCGGTCGGCGGAT-1,2
GACTCTAGAGTTCCAA-1,3
GACTGATTGGTCACAA-1,1
GACTGCAAATCGAGCT-1,5
GACTGCACCAGCCCAG-1,5
GACTGCTGGTGAGAAA-1,1
GACTGGGCGCCGCAAC-1,2
GACTTCAACGCATCAA-1,1
GACTTTCGAGCGGTTC-1,3
GAGAAACTGGATCCCA-1,3
GAGAACGGTTCTGACT-1,3
GAGAATCTCACGATCA-1,3
GAGACCCTGCAACGCC-1,2
GAGACTGATGGGTAGA-1,3
GAGACTTCGCGACCGA-1,1
GAGAGCGCAGTCCCTG-1,1
GAGAGGCCTATGTGTA-1,3
GAGAGGGCGCGAGGTT-1,1
GAGAGGTGCATTCTGG-1,4
GAGAGTCTCGGGAGAG-1,1
GAGATCGATCTTACTC-1,2
GAGATCTGCTTGGCAT-1,1
GAGATCTGTCACTCCG-1,3
GAGATCTTCCATGACA-1,3
GAGATGACAATCCTTA-1,1
GAGATGGCTTTAATCA-1,2
GAGATGGGAGTCGACA-1,3
GAGCACCTGTGTCCAG-1,5
GAGCACGGCGCCTCTT-1,1
GAGCATCAACAACTTG-1,2
GAGCATCATCCCTGGG-1,3
GAGCCACGGTAGTAGG-1,3
GAGCCGAGCGTTTATT-1,1
GAGCGAGGGAGTACCG-1,1
GAGCGCAAATACTCCG-1,1
GAGCGCTATGTCAGGC-1,2
GAGCGCTGTTAGGTAA-1,2
GAGCGGAATGCGGTGT-1,1
GAGCTAAGGGCATATC-1,5
GAGCTCAACATGAGCG-1,3
GAGCTCTCGGACCTAA-1,3
GAGCTGTCGTCTCGGA-1,1
GAGGAATATCTCTTTG-1,1
GAGGAATGGAGAGGTT-1,3
GAGGAGATCCTCATGC-1,2
GAGGAGTAATTCCTAC-1,2
GAGGATAAACAGTGCT-1,1
GAGGCATTTGCAGCAG-1,2
GAGGCCCGACTCCGCA-1,2
GAGGCCTGTTGATACA-1,1
GAGGCTATCAAAGTCG-1,1
GAGGGAGTCAGATCGC-1,3
GAGGGCATCGCGTATC-1,2
GAGGGCCATAATATTA-1,2
GAGGGCCGGCAGAGTC-1,2
GAGGGCGCAGCTCTGC-1,2
GAGGGTAGTAACAAAG-1,2
GAGGTACATCCATCTT-1,1
GAGGTACGCGTGTCCC-1,5
GAGGTCCCAAAGATCT-1,3
GAGGTCCGTTCGCTGT-1,1
GAGGTCTTAGTGGGTC-1,6
GAGTAAACCGGAAAGT-1,3
GAGTAAATTAAGAACC-1,3
GAGTACGGGTATACAA-1,3
GAGTAGATACTAGTTG-1,5
GAGTATACCCTAATCA-1,2
GAGTATCAAAGTTACA-1,3
GAGTATGCCCGCCTTG-1,1
GAGTATGCGCGTGCAT-1,3
GAGTCAGACCAGAATC-1,1
GAGTCCACCAGGTTTA-1,1
GAGTCCGCTTACCGGA-1,1
GAGTCGACAGACCCTC-1,2
GAGTCTTGTAAAGGAC-1,4
GAGTGCACGGACAACA-1,3
GAGTGTCAACCAGAAA-1,3
GAGTGTGCGGTACCCA-1,3
GAGTTCTGTGGGTGCT-1,4
GAGTTGATGGCAATTT-1,4
GAGTTGTCACCAGTCT-1,4
GATAAATCGGTGGATG-1,3
GATAACTCGCACTGTG-1,3
GATAAGGCAGATGCAA-1,6
GATACCGTGTCGGAGT-1,3
GATACGATGGGAGTCA-1,1
GATAGAACCCGCTAGG-1,3
GATAGATAGTACAGTC-1,1
GATAGCGTACCACGCG-1,2
GATAGGATTAATTACA-1,3
GATAGGTAACGTTGAC-1,1
GATAGGTGTCCCGGGC-1,3
GATAGTGCGAGTAAGT-1,3
GATATCAAGCAGGAGC-1,4
GATATCAGTATGTATC-1,2
GATATCTCATGCAATA-1,1
GATATGAGACACTAAC-1,3
GATATGCGGTAGCCAA-1,1
GATATTTCCTACATGG-1,1
GATCAACATAAAGGGA-1,1
GATCATTCCAAACATT-1,5
GATCCAACCTTTAAAC-1,4
GATCCCTTTATACTGC-1,5
GATCCGAATATAAGTG-1,1
GATCCGGGAATTAACA-1,3
GATCCTAAATCGGGAC-1,1
GATCCTCGACACTGGC-1,2
GATCCTCTTGCGCTTA-1,1
GATCGACACTATCTGA-1,1
GATCGCGGGCTCTCCA-1,1
GATCGCTACCCGATTT-1,1
GATCGCTATATCTCAG-1,2
GATCGCTGTGGTGCGT-1,4
GATCGGATAGAACCAT-1,4
GATCGGCGATAAGTCG-1,2
GATCGGTGGCCATAAC-1,3
GATCGTGACTGATATC-1,3
GATCTAACCGTATTCA-1,4
GATCTCGACGCTGTGG-1,1
GATCTGCTATCTAAGG-1,5
GATCTTAGTGAACGTG-1,2
GATCTTCATTGTCCTC-1,2
GATCTTGGAGGGCATA-1,1
GATCTTTGCAGGGTAT-1,1
GATCTTTGCTCAAAGA-1,2
GATGACAAGTAGGGCA-1,2
GATGACGATGATCGCG-1,1
GATGAGGAACCTTCGG-1,1
GATGATTTGAAACTGG-1,2
GATGCCACACTACAGC-1,6
GATGCCAGCAGAAGGC-1,6
GATGCCTTCTGCGGCA-1,2
GATGCGAATGGTATTA-1,1
GATGCGTCCTGCATTC-1,1
GATGCTACAAGCGCCT-1,3
GATGCTACCTTCGATG-1,1
GATGCTGTATTTCATC-1,3
GATGGCGCACACATTA-1,5
GATGGTGAAATAACCC-1,2
GATGGTGCCCTAGGCA-1,1
GATGTAACGAACCACC-1,2
GATGTCCGGATCACAT-1,2
GATGTCGGTCAACTGC-1,1
GATGTGTTGTCACAAG-1,1
GATGTTCAATCCACGA-1,1
GATGTTTGTGCGAGAT-1,5
GATTAACCGAAAGCCC-1,3
GATTAATCCTGGCTCA-1,2
GATTACTGAATTTGGG-1,1
GATTAGAAACAAGCGT-1,1
GATTATCTTGCATTAT-1,1
GATTCCCTTGTCGCAG-1,5
GATTCCGCGTTTCCGT-1,1
GATTCCTATACGGCGC-1,1
GATTCGACGGTTCACG-1,1
GATTCTGTTAATGAGT-1,5
GATTGACACTCTGCTC-1,1
GATTGCTCCAGTTGCA-1,2
GATTGGGAAAGGTTGT-1,1
GATTTAGTGCGTACTG-1,2
GATTTGCGCTAACACC-1,1
GCAAACCCTACATTAT-1,5
GCAAACCTTGGCCATA-1,4
GCAAACGTAAGCGACC-1,4
GCAAACGTCGCCAGGT-1,1
GCAAAGGGCGTTAGCC-1,2
GCAAATATTACGCTTT-1,1
GCAAATGAGGACACTT-1,4
GCAACAGCAGTATGCG-1,1
GCAACCACCAGACCGG-1,1
GCAACCACGGCCGCGT-1,4
GCAACCCAAGTTGTTT-1,1
GCAACGGCTAGTTATG-1,1
GCAAGAATTCCTTGGC-1,1
GCAAGATGTGTTCGCG-1,1
GCAAGCTGGAAACCGC-1,4
GCAAGTGCACAGAGAA-1,3
GCAAGTGTAAAGCATG-1,3
GCAATTAGTCGCACCG-1,1
GCACAAACCCTAGATG-1,2
GCACAAACGAGGCGTG-1,2
GCACAACCTCGGGCGT-1,4
GCACAAGTGGATCATA-1,2
GCACAAGTGTCGGAAG-1,1
GCACACACTGGTAGCC-1,3
GCACACAGCTATTACC-1,1
GCACACGCCCATGGTC-1,6
GCACAGCACGGGCCGA-1,1
GCACCTAGGCGAGTCC-1,1
GCACCTTCCCGAAGGT-1,3
GCACGCCGATTCCCGC-1,1
GCACGCCTACTTAGAT-1,1
GCACGTGGTTTACTTA-1,1
GCACTAGTCGCGCTAT-1,3
GCACTCCCACAGTCCC-1,6
GCACTGCCTACCTTTA-1,1
GCACTGTGCAAATGTA-1,2
GCAGAAACGTAATCCA-1,2
GCAGAAGGTAATCTCC-1,3
GCAGACCCAGCACGTA-1,1
GCAGATCCATAAGACT-1,5
GCAGATCCTCGCAAAT-1,2
GCAGATTAGGGATATC-1,1
GCAGCACACAGCCCAG-1,1
GCAGCCTATATCACAT-1,1
GCAGCGGTGGGCATTA-1,2
GCAGCTATGGACAGGT-1,2
GCAGCTGTCAACGCAT-1,1
GCAGGAACTTAGATCT-1,4
GCAGGACTATAGAATA-1,1
GCAGGTAGAGTATGGT-1,1
GCAGTGCGGGCGGATG-1,3
GCAGTGTGGCTATAGG-1,3
GCAGTTCGATCCGAGC-1,3
GCATAAATTGAACGCC-1,2
GCATAGAGCACTCAGG-1,1
GCATCCCTAACTTTGA-1,3
GCATCGGCCGTGTAGG-1,1
GCATGACACAAAGGAA-1,1
GCATGAGGGACGCGGC-1,2
GCATGCTAATAACGAT-1,3
GCATGGGTACTGACGC-1,4
GCATTCAAGGCAACGC-1,1
GCATTCGAAATGAACA-1,4
GCATTGACTTGCGGAA-1,4
GCATTTCCAAGGCTCC-1,1
GCCAACCATTTCCGGA-1,1
GCCAAGAATACTTCTG-1,4
GCCAATAGGGCATCTC-1,1
GCCACAATTTAAGGAC-1,1
GCCACCCATTCCACTT-1,2
GCCACCTTATTCGCGA-1,4
GCCACTCAGAGCGCGA-1,3
GCCACTCCTTACGGTA-1,3
GCCAGGAAAGAACACT-1,2
GCCAGGAGTAACCGAT-1,1
GCCAGGCGTTCGCATG-1,1
GCCAGGCTTAGTGGTA-1,2
GCCATATTGCACACAG-1,1
GCCATCGAGCTGCGTG-1,1
GCCATCGATGCTGCAT-1,1
GCCATTAGCCTCAAAC-1,4
GCCCACCAAGGCTGTC-1,1
GCCCACTGGTCCACAA-1,2
GCCCAGATGCTGGAGA-1,1
GCCCAGCGACACAAAG-1,2
GCCCAGTTGGTATGCC-1,3
GCCCATGGGTGCAATG-1,6
GCCCGACTTCTTCCCG-1,2
GCCCGAGAGTCTAAAT-1,4
GCCCGATCTGTGGTCG-1,1
GCCCGATGCCCAGTTC-1,4
GCCCGCGCGTAAACGG-1,1
GCCCGCGCGTTTGACA-1,3
GCCCGTAATACCTTCT-1,5
GCCCGTCAAGCCCAAT-1,3
GCCCGTTCACACAATT-1,2
GCCCTAAGTGCAGGAT-1,1
GCCCTAGCCGTCGCGA-1,4
GCCCTGAGGATGGGCT-1,1
GCCGAAATTCCTACGT-1,1
GCCGACCCACGACTGC-1,2
GCCGATTGGCCAAGCT-1,1
GCCGCACTCCGTTTCA-1,1
GCCGCTAGATACGCAG-1,6
GCCGCTTGTGAGAAAC-1,1
GCCGGAAACACATCTT-1,2
GCCGGGTTAGGGTCGC-1,1
GCCGGTCGTATCTCTC-1,3
GCCGGTTTGGGCGGAT-1,2
GCCGTCGGTTTCGGGC-1,1
GCCGTGGAAGAAATGT-1,1
GCCTACGTTCTGTGCA-1,1
GCCTAGCGATCTGACC-1,3
GCCTATAGTGTCAGGG-1,1
GCCTATCAGGTAAGAT-1,3
GCCTATGCTGGGCCTT-1,1
GCCTATTCCGATATAG-1,3
GCCTATTTGCTACACA-1,1
GCCTCAGGTACCGGTC-1,4
GCCTCCGACAATTCAC-1,3
GCCTCTATACATAGCA-1,3
GCCTGCTACACTGAGA-1,2
GCCTGTCCCGGTGCAT-1,3
GCCTTCAGCCCTACCG-1,1
GCCTTGTATATGCAGT-1,2
GCCTTTGTCAGTGGAC-1,1
GCGAAACGATCGGGAG-1,3
GCGAAACTTAACTGGA-1,5
GCGAAGAATCTGACGG-1,3
GCGAAGCCATACCCGT-1,3
GCGAATGGACTAGCGA-1,1
GCGACATGTAAACATC-1,1
GCGACCCAACCATCTG-1,2
GCGACGATAGTTGTAC-1,1
GCGACGGTAGTCTCCT-1,1
GCGAGAAACGGGAGTT-1,2
GCGAGAGGCCATGTAA-1,1
GCGAGAGTTGCGTCCA-1,1
GCGAGCGCATGCTCCC-1,1
GCGAGGCCCGAGCAGA-1,1
GCGAGTTCTGCAAAGA-1,3
GCGATGTCTGTGCTTG-1,2
GCGATTCTGGAAGCAG-1,1
GCGATTGTTAACGTTA-1,3
GCGCAAATATATTCAA-1,2
GCGCCGTTCCACGATA-1,1
GCGCCTCCCACTCCGA-1,1
GCGCGATGGGTCAAGT-1,6
GCGCGGTCTAGTAACT-1,3
GCGCGTCATTGGTACA-1,5
GCGCTAAGTATGCATG-1,2
GCGCTAATTGAATAGA-1,1
GCGCTATGCCGAGGCA-1,1
GCGCTCGATCACCTGT-1,3
GCGCTGATCCAGACTC-1,1
GCGCTGGCGGAAAGTC-1,2
GCGCTTAAATAATTGG-1,3
GCGGACCGCGTTGTGG-1,1
GCGGAGAAACTTCGCA-1,2
GCGGAGAGGGAGAACG-1,3
GCGGATTACTTGTTCT-1,3
GCGGCAAAGTATTGCC-1,2
GCGGCTCTGACGTACC-1,1
GCGGCTTTAGCAAGTT-1,3
GCGGGAACCAGGCCCT-1,3
GCGGGCAGACGGGTGA-1,1
GCGGGCATTACGATGC-1,1
GCGGGCGAGCCTTACC-1,3
GCGGTAACCCAAATGA-1,2
GCGGTCCCGGTGAAGG-1,2
GCGGTCCCTAGACGCA-1,3
GCGGTCTTGCTTTCAC-1,2
GCGGTGAACTGCGCTC-1,1
GCGGTGCGGAGCATCG-1,2
GCGGTTCCCTATCATG-1,2
GCGTAAATGGCCATAA-1,1
GCGTCCAGCTCGTGGC-1,2
GCGTCCCTAAGACATA-1,3
GCGTCGAAATGTCGGT-1,3
GCGTCGCCAGGGTGAT-1,1
GCGTCGTAACATGGTC-1,1
GCGTCTAACCTCCTAA-1,3
GCGTCTCTGCATTGGG-1,1
GCGTGTATGTCGTATT-1,1
GCGTTATATTTGGAAC-1,4
GCGTTCGGAGACCGGG-1,1
GCGTTCTGACTAAGCG-1,3
GCTAAACCTGAGGTGA-1,1
GCTAACTGAAGTCTGA-1,3
GCTAAGCCCAGTATGC-1,3
GCTAAGTAAAGGCGAT-1,2
GCTAAGTAGTTTCTCT-1,3
GCTAATACCGAATGCC-1,1
GCTACAATCGAGGATA-1,1
GCTACACTGTCCGAAC-1,2
GCTACGACTTATTGGG-1,1
GCTACTCGGACGCAGA-1,4
GCTAGACCGTCTACTG-1,1
GCTAGAGTAGAGATGT-1,3
GCTAGCAACGCACCTA-1,1
GCTAGCACCTGGGCCA-1,1
GCTAGCAGGGAGTGGG-1,3
GCTAGCGATAGGTCTT-1,2
GCTAGCTTGAATAGCT-1,1
GCTAGGCACCACGGAG-1,5
GCTAGTAGAGCTTGTA-1,1
GCTAGTTTCATTGAGG-1,5
GCTATAAGGGCCAGGA-1,3
GCTATCATACTCATGG-1,5
GCTATCGCGGCGCAAC-1,2
GCTATGCCAGCTTATG-1,4
GCTCAACCTCTTAGAG-1,2
GCTCAATCCGTTTATT-1,2
GCTCAATGTAATACCG-1,3
GCTCATTACTGCATGT-1,1
GCTCATTGATCATATC-1,1
GCTCCATGAGTGCAGA-1,3
GCTCCATGCAAAGCAA-1,3
GCTCCCAGTCGGTCCA-1,1
GCTCCGCTCGCTTCAG-1,1
GCTCCGGACGTTGATA-1,2
GCTCCTGACATACTGG-1,2
GCTCGACCGAACTGAA-1,2
GCTCGCGGTTCCGCTC-1,2
GCTCGGAATTTAAAGC-1,1
GCTCTAAACCCTGACG-1,3
GCTCTATGTTACGTGC-1,3
GCTCTCGGGTACCGAA-1,3
GCTCTTTCCGCTAGTG-1,1
GCTGAACTCTCCAGGG-1,1
GCTGAAGGGTTCTTGG-1,4
GCTGAATCTTCCAATC-1,2
GCTGAGCAACGGTTCT-1,2
GCTGAGGCGTGAGTAT-1,1
GCTGCACGGTTTCTTA-1,1
GCTGCGAAGAATTATT-1,1
GCTGCGCCTCCCACGT-1,2
GCTGCTAAGTAGTCGA-1,3
GCTGCTACTGCGTAGC-1,3
GCTGCTCTCCGGACAC-1,5
GCTGGACCCAAAGTGG-1,1
GCTGGCAGGTGCCGTG-1,1
GCTGGCATATTCACCT-1,1
GCTGGCGGCGCATGCT-1,3
GCTGGGAGCGCGTCAA-1,2
GCTGGGTCCGCTGTTA-1,2
GCTGGTGACTCGTAGT-1,2
GCTGGTTTAGGCCATA-1,2
GCTGTATTACTGGCCC-1,1
GCTGTCTGTGATCGAC-1,6
GCTTAATGTAACTAAC-1,5
GCTTACGTAGTTAGTA-1,1
GCTTAGGGAAGCGGTA-1,2
GCTTATGAAGCAGGAA-1,3
GCTTCAGTGGGATTAC-1,3
GCTTCCAGCTTAGATT-1,2
GCTTCCATGTAACCGC-1,1
GCTTCCCGTAAGCTCC-1,1
GCTTCCGTCCCTAGAC-1,3
GCTTCGACGTTCAATC-1,4
GCTTGAGTGACCTCTG-1,3
GCTTGATGATAATCAG-1,5
GCTTGCAGCACAATTG-1,1
GCTTTACACAACTGGG-1,3
GCTTTATTAAGTTACC-1,1
GCTTTCTATCTCAACT-1,2
GCTTTGCTGCCGGGTA-1,2
GGAAACAGAGCTTGGG-1,4
GGAAACCTTGTTGAAT-1,1
GGAAACTAAATGGGCC-1,3
GGAAAGGGAATTGAGC-1,1
GGAAAGTCTTGATTGT-1,1
GGAAAGTGCCCATGCC-1,1
GGAACCCGAACAAGAA-1,2
GGAACCGTGTAAATTG-1,1
GGAACCTTGACTCTGC-1,2
GGAACGGCCTGCAGCC-1,6
GGAACTCGTGAATACG-1,1
GGAACTTTGGCGATTA-1,1
GGAAGATAAGACTGTA-1,2
GGAAGCTCGCTTACAG-1,1
GGAAGGACACCGTATA-1,1
GGAATAACCTCAAGAA-1,3
GGAATGCGCTAGCGTG-1,3
GGACAACCATGAAGCC-1,2
GGACAAGCCATGATCG-1,4
GGACAAGTTGCAGTGA-1,2
GGACACAAGTTTACAC-1,1
GGACACCTCGGTGTTG-1,3
GGACCAACAGGATAAC-1,3
GGACCTACGGTAACGT-1,1
GGACCTCTAGGCCGCC-1,2
GGACGGCTTGCGCAAC-1,2
GGACGGGCGACCAACC-1,3
GGACGTCCATAGTTGG-1,2
GGACTAAGTCAGGAGT-1,1
GGACTCACAAATTAGG-1,3
GGACTCGAAGCTTTCA-1,3
GGACTCGACAGCGCAT-1,3
GGACTCGTGAGTGGTC-1,1
GGACTCTTCCGGTTGA-1,3
GGACTCTTTGACTAAG-1,2
GGAGAAGTCATTGGCA-1,3
GGAGACATTCACGGGC-1,2
GGAGACCAATGTGCTT-1,1
GGAGACCATCTACATA-1,4
GGAGACGACACCTTTG-1,1
GGAGCAACATTTCAAG-1,3
GGAGCACCAAGAACTA-1,3
GGAGCGAGGCCTACTT-1,1
GGAGGAGTGTGTTTAT-1,2
GGAGGATTGAAAGGAG-1,1
GGAGGCCGAAGTCGTC-1,1
GGAGGCGAAGAACCGC-1,2
GGAGGGCTTGGTTGGC-1,3
GGAGGGTCAAGTAAGA-1,3
GGAGTACACATGAGCT-1,2
GGAGTGCCGCCCTGGA-1,1
GGAGTTGATTCTGTGT-1,3
GGATACTCATGAATTG-1,3
GGATCAAAGGACGAGG-1,3
GGATCAGAGCCATCAG-1,4
GGATCATCCCGTACGC-1,1
GGATCCCTACCAGCTA-1,2
GGATCCGGAATATACT-1,3
GGATCTACCGTTCGTC-1,4
GGATCTTACTGCCCTT-1,1
GGATCTTGACTCAACC-1,4
GGATGACGCGAGTTTA-1,1
GGATGGCTTGAAGTAT-1,1
GGATTAAGCTAAGGTC-1,3
GGATTAATCATGGACC-1,1
GGATTCAGTACGGTGG-1,5
GGATTCCGCTATACCC-1,1
GGATTGAAGTAGCCTC-1,1
GGATTGCTGTGACTCC-1,3
GGATTTCACTTCTATA-1,3
GGCAAAGGCGCCAATA-1,2
GGCAAATTACTTTACT-1,1
GGCAAGCCAGGGATAG-1,2
GGCAAGCCCATAGTGG-1,5
GGCAAGGCGAAATAGC-1,1
GGCAATAGTCAATGAG-1,3
GGCACGCTGCTACAGT-1,3
GGCACTCAGCCGACCC-1,3
GGCACTCCACTGGGCA-1,1
GGCACTGCGGTGGTTT-1,1
GGCAGAGAGATCGGGA-1,2
GGCAGCAAACCTATGC-1,1
GGCAGCGGTAATCCTA-1,1
GGCATACAGGTAGCGG-1,1
GGCATATCGGTTCTGC-1,1
GGCATCAACGAGCACG-1,3
GGCATTCCCTCCCTCG-1,1
GGCATTGAACATCTCA-1,1
GGCCAATTGTATAGAC-1,1
GGCCACAAGCGATGGC-1,2
GGCCACACGAAAGCCT-1,2
GGCCCAATCTAGAGGG-1,2
GGCCCAGCTGGTTTGC-1,1
GGCCCAGTTATCAGCA-1,2
GGCCCGGAGCATGTCT-1,1
GGCCCGTATACCATGC-1,1
GGCCCTCACCCACTTA-1,4
GGCCGAGACTCTGGTG-1,2
GGCCGCAGGAACCGCA-1,3
GGCCGGCGTCTGCTAT-1,1
GGCCGTTTGGGTTTCA-1,1
GGCCTGCTCTGATGTT-1,3
GGCCTGCTTCTCCCGA-1,1
GGCGAAATCTAACTTG-1,3
GGCGAACCGTTCTGAT-1,3
GGCGAGCATCGAGGAC-1,2
GGCGAGCGAAACGGCA-1,4
GGCGCACAGTTTACCT-1,1
GGCGCAGGACATCTTC-1,1
GGCGCATGAATTGATG-1,1
GGCGCGGAGATCTTTC-1,3
GGCGCGTTCGAGTTTA-1,1
GGCGCTCCTCATCAAT-1,2
GGCGCTTCATTCCCTG-1,1
GGCGGAGTAATATTAG-1,1
GGCGGGCTCTAAGAGT-1,3
GGCGGTAGGATCATTG-1,5
GGCGGTTTGCCGGTGC-1,2
GGCGTACCCTATATAA-1,2
GGCGTAGGGAAAGCTG-1,3
GGCGTCCTATCCGCTG-1,1
GGCTAAAGGGCGGGTC-1,1
GGCTAATGATTGAAAT-1,2
GGCTACTATACACTCC-1,1
GGCTATTAAGTTGTAT-1,1
GGCTCCTCCACCTGTT-1,2
GGCTCGTGCCACCAGC-1,5
GGCTCTGCTCCAACGC-1,5
GGCTGAAATAGCAAAG-1,3
GGCTGAGCATCGTAAG-1,1
GGCTGGCAATCCCACG-1,1
GGCTGGCAGCTTTATG-1,2
GGCTGGCTAGCTTAAA-1,6
GGCTGTCCTACTGCGG-1,1
GGCTTCTCGTGGGTGG-1,2
GGCTTTCAATAAGGGT-1,3
GGGAAAGAATGCCAAC-1,1
GGGAACCACCTGTTTC-1,2
GGGAACGGGAGGTTAG-1,1
GGGAACGGTTTCAGAT-1,2
GGGAAGACGGTCTGTC-1,1
GGGAAGGGCTTTCTCA-1,3
GGGAATGAGCCCTCAC-1,1
GGGAATTCTGTCCAGT-1,1
GGGACAGAGTTACTCC-1,2
GGGACCCGTATATCTT-1,1
GGGACTGCATAGATAG-1,3
GGGAGAACTCACAGTA-1,3
GGGAGCGACCGTAGTG-1,2
GGGAGGATGCCCGAAA-1,1
GGGAGTAATGGCTGGC-1,3
GGGAGTTAATGAGGCG-1,5
GGGATACGGTAATAAT-1,2
GGGATATTGATCGCCA-1,4
GGGATCCCAATACAAA-1,2
GGGATGGACCCGCGTC-1,4
GGGATGGTCGTAACCG-1,1
GGGATTATCTCACAAC-1,2
GGGATTTACCGCACCT-1,3
GGGCAACCGCACGTGC-1,2
GGGCACGAATTGGCCG-1,1
GGGCACGTAGTACTGT-1,1
GGGCACTATTGACCAT-1,4
GGGCAGACGTCACTGC-1,4
GGGCAGAGCAATCGTT-1,3
GGGCAGGATTTCTGTG-1,2
GGGCAGTCAACGCCAA-1,1
GGGCATGCATGTCGAG-1,3
GGGCCATTCGTGCTGG-1,4
GGGCCCGTCTTAAACA-1,1
GGGCCCTTATCTATAC-1,2
GGGCCGGCCGAAGTAC-1,5
GGGCCTAAATGGGCTA-1,4
GGGCCTATACAACCGG-1,2
GGGCCTATTTAAGTAT-1,2
GGGCGAATTTCTCCAC-1,2
GGGCGATATGTGTGAA-1,5
GGGCGATCCATAGGCC-1,2
GGGCGCAGCGTTACTC-1,1
GGGCGGCAAATGAATT-1,1
GGGCGGGTTCCCTACG-1,1
GGGCGGTCCTATTGTC-1,2
GGGCGTACATTTATAT-1,1
GGGCGTCACCACGTAA-1,1
GGGCGTCCACTGGCTC-1,1
GGGCGTGGTTTCCCAG-1,3
GGGCGTTTACATTCAT-1,2
GGGCTACTATTTCGTG-1,4
GGGCTATGATCGATGG-1,1
GGGCTCATCGAACCCA-1,1
GGGCTGCCTAGGGCGA-1,1
GGGCTGGTTAGTCGCG-1,1
GGGTAATGCTGTGTTT-1,2
GGGTACACTCTGGAGG-1,2
GGGTACCCACGGTCCT-1,6
GGGTACTTCATGAACT-1,1
GGGTATGTATGCACTT-1,1
GGGTATTCTAGCAAAC-1,4
GGGTCACCGTGACGGT-1,1
GGGTCACGTGCTTATG-1,2
GGGTCACTGAGTAGTG-1,2
GGGTCAGGAGCTAGAT-1,1
GGGTCATGCGTACCAT-1,2
GGGTCCTTGGAAGAAG-1,4
GGGTCGTGGCAAGTGT-1,1
GGGTCTATCGCTTTCC-1,1
GGGTGACACCTTAACT-1,1
GGGTGCATATGAAAGC-1,1
GGGTGGTCCAGCCTGT-1,1
GGGTGTTTCAGCTATG-1,1
GGGTTAACATTTGAGT-1,1
GGGTTCAGACGAACAA-1,6
GGGTTTAGGATAGGAT-1,1
GGTAAACTCTGCGCTG-1,3
GGTAAATGTGCGTTAC-1,1
GGTAACCGGCAAAGGT-1,2
GGTAACCGGGAGGATA-1,2
GGTAACTATGTATCTG-1,3
GGTACAAACATGCTAT-1,3
GGTACACCAGATTTAT-1,3
GGTACCATTAAGACGG-1,1
GGTACGTTGCGGCCGG-1,3
GGTACTAAGTGCTTTG-1,3
GGTAGAAGACCGCCTG-1,3
GGTAGACCGTTGGGCG-1,1
GGTAGGCCAATATCAC-1,1
GGTAGTGCTCGCACCA-1,1
GGTATAGTGACACATA-1,1
GGTATCAAGCATAGAA-1,2
GGTATGAAAGAACTGA-1,2
GGTATTGCCGAGTTTA-1,1
GGTCAAGACTACTTCG-1,1
GGTCACGTTAGATTCA-1,6
GGTCAGTGGGTCCCAC-1,1
GGTCATTGTAGTCATA-1,1
GGTCCACGTCTATTTG-1,4
GGTCCCATAACATAGA-1,3
GGTCCTTCATACGACT-1,1
GGTCGGATAAACGGCG-1,1
GGTCGGCCAGGAGCTT-1,5
GGTCGGTAATTAGACA-1,3
GGTCGGTCGTCCACAG-1,1
GGTCTCCAAGTAGTGC-1,3
GGTCTCCGTCCAGGTT-1,1
GGTCTCTGAATGGACT-1,2
GGTCTGAGAATCTGGA-1,3
GGTCTTGAGCGCTCTT-1,5
GGTCTTGGTGTTAACT-1,2
GGTGAAACCGGGAATG-1,1
GGTGAACGGGCTAGCC-1,6
GGTGAAGTACAGGGAT-1,1
GGTGACTGATAGAGAG-1,3
GGTGAGATGCAGATAA-1,5
GGTGATAAGGAGCAGT-1,3
GGTGATGAAGGAAGTG-1,2
GGTGATTTCATCTTGT-1,1
GGTGCAGAGCCTATCG-1,1
GGTGCATAAATGATTA-1,3
GGTGCGGATAAGTGGC-1,3
GGTGCTGATCACAAAG-1,2
GGTGCTGGTACACATT-1,1
GGTGGACCACGTGTTA-1,2
GGTGGACTGCTCTGGC-1,5
GGTGGAGGTTGATACG-1,1
GGTGGGATTAGGTCCC-1,1
GGTGTAAATCGATTGT-1,5
GGTGTAGGTAAGTAAA-1,5
GGTGTTCTGTTTCTAC-1,1
GGTGTTGGGCGTCTTA-1,3
GGTTACCACCCTCGGG-1,1
GGTTACCCGACACTTT-1,1
GGTTACCGCTCCCTAC-1,1
GGTTAGCTATATGTCT-1,5
GGTTAGGCTTGGAGAA-1,1
GGTTAGGGATGCTAAT-1,4
GGTTAGTTACGGCGCC-1,1
GGTTCCACCCGCTTCT-1,2
GGTTCCCTAGTGTCTC-1,2
GGTTCCGTACGACTAA-1,1
GGTTCGATGCTGAGTT-1,2
GGTTCGCATTTGCCGT-1,1
GGTTCTACTCGTCTGA-1,1
GGTTGTATCGTGAAAT-1,6
GGTTGTGCTCTTGTCC-1,2
GGTTTAATTACCATCG-1,3
GGTTTAATTGAGCAGG-1,1
GGTTTACAATCTCAAT-1,3
GGTTTAGCCTTTCTTG-1,1
GGTTTGACAAGAAGCT-1,2
GGTTTGAGTGCTGGAA-1,3
GGTTTGCGAACACGTA-1,2
GGTTTGTGACCTGAGG-1,1
GTAACAACTGACCTTG-1,2
GTAACAGGTTAACGGC-1,1
GTAACATCAGCTCATC-1,2
GTAACATCTAAGATAA-1,2
GTAACTACGTAGACCT-1,4
GTAACTGCCCAAGGAG-1,3
GTAACTTGCGGCAGTC-1,1
GTAAGCGGGCAGTCAG-1,3
GTAAGGATTTGTCGGA-1,3
GTAAGTAACAGTCTGG-1,3
GTAAGTAGGGTATACC-1,3
GTAAGTCCACACTCTA-1,1
GTAATAAAGGGCTCCC-1,1
GTAATCTGATTCTTCG-1,1
GTACACTTACCTGAAG-1,3
GTACAGAGGCAAGGGT-1,5
GTACGACGGCGCTGCG-1,6
GTACGAGATTGCGACA-1,1
GTACGCTTCATTGCAC-1,3
GTACGTCACGTATTAA-1,2
GTACGTTTGCCCGTCA-1,1
GTACTAAGATTTGGAG-1,3
GTACTACGGCCTCGTT-1,1
GTACTCCCTTATCGCT-1,1
GTACTCCTGGGTATGC-1,1
GTACTGAGGTCGTAAC-1,3
GTACTGCATGAAGCGT-1,3
GTACTGGAGTTAGACC-1,3
GTACTTGGGCACTTCT-1,3
GTAGAAACGGGTGGAG-1,6
GTAGACAACCGATGAA-1,3
GTAGACACGCCTGACT-1,3
GTAGACGTCGTTACAT-1,3
GTAGAGGGAGACAAGT-1,2
GTAGCCAAACATGGGA-1,3
GTAGCGCTGTTGTAGT-1,3
GTAGCGGCTATACACT-1,3
GTAGCTAGTAAGCGCG-1,1
GTAGCTCCGGGAGGCT-1,1
GTAGCTTCCTCTTGTT-1,1
GTAGGTGATCCGTGTA-1,1
GTAGTCGCGGGAATCA-1,5
GTAGTCTACGATATTG-1,3
GTAGTGAGCAACCTCA-1,3
GTAGTTAGACAATATA-1,2
GTAGTTCGAAGGCGAA-1,1
GTAGTTTAAGCACACG-1,4
GTATAATCTCCCGGAT-1,1
GTATAGGACTCAGTAG-1,1
GTATAGTGGCCCATGT-1,2
GTATATGTTACGGCGG-1,2
GTATCAAACGTTAGCT-1,3
GTATCAAGGTACTTCC-1,1
GTATCAGCTTGGGTTC-1,5
GTATCCTTTGGTAACC-1,3
GTATCGGGACGAGCTG-1,2
GTATCTCAGTCTTGAC-1,2
GTATCTCCCTAACTGT-1,2
GTATCTCGGGCGCTTT-1,4
GTATCTTGTTGCTCAC-1,6
GTATCTTTCATAACCA-1,1
GTATGAAATTTCACTC-1,6
GTATGACGTGGGAAAC-1,2
GTATTAAGGCGTCTAA-1,1
GTATTAGGGTTCGCGT-1,2
GTATTCTGAGAAACGA-1,1
GTATTCTTACCGTGCT-1,1
GTATTTAATGGCATAA-1,1
GTCAAAGAAGTGGTGT-1,2
GTCAAAGTTTACATAG-1,2
GTCAACCAGGCCTATA-1,3
GTCAAGCGGACTCGGG-1,3
GTCAATGCTATAATTT-1,1
GTCAATTGTACTGAAG-1,2
GTCACAAAGTTTCCAA-1,1
GTCACCTGTCTATGTC-1,6
GTCACTCATGAGCGAT-1,2
GTCACTCTCCAAATCT-1,5
GTCAGAATAGTCTATG-1,1
GTCAGACAGCGTTGGA-1,2
GTCAGTTGTGCTCGTT-1,1
GTCAGTTTGGTAGTCG-1,6
GTCATCCCAAACTCAC-1,4
GTCATCTCCTACAGCT-1,1
GTCATGCACCTCCGTT-1,5
GTCATGCGCGAGGGCT-1,3
GTCATGGACATGACTA-1,3
GTCATTAGAGCGAACG-1,1
GTCCAATATTTAGCCT-1,1
GTCCACGTCGCATTCG-1,3
GTCCAGGCACGTGTGC-1,3
GTCCATTACTGCTACG-1,1
GTCCCAACGTAAAGTA-1,3
GTCCCAATCATCCCGC-1,4
GTCCCGCGACGTTATG-1,5
GTCCGAGAGCAATCAT-1,6
GTCCGGACCTGAAATT-1,3
GTCCGGCTGAATTGCG-1,1
GTCCGGGTTCACATTA-1,1
GTCCGTTAGAGGGCCT-1,2
GTCCTACAGGCGGCTC-1,2
GTCCTACTCTACGGGC-1,4
GTCCTAGGATACCTTA-1,4
GTCCTATTGTTGTGGT-1,1
GTCCTTCTACAACCCA-1,2
GTCCTTCTAGTGGGTT-1,1
GTCCTTTAATGACTTC-1,2
GTCGAATTTGGGCGCT-1,4
GTCGATAGGTGACTTT-1,3
GTCGCCGTTGTGTGTT-1,1
GTCGCGTAACCCGTTG-1,3
GTCGGAAGGATACCAG-1,2
GTCGGATATCTCAGAC-1,1
GTCGGATGTAGCGCGC-1,1
GTCGGGAACATGGTAG-1,4
GTCGGGAAGCAGAAAC-1,3
GTCGGGTGAAGTACCG-1,3
GTCGTACCATCTCGGG-1,1
GTCGTATTGGCGTACA-1,1
GTCGTCAATTATAAGG-1,1
GTCGTCTGGTTGGCTA-1,1
GTCGTGTCTGGTCATC-1,1
GTCGTTATTCGCTTAT-1,3
GTCTAAGATGCCCAGC-1,2
GTCTAGTGAGCCGCTT-1,2
GTCTATACACGCATGG-1,1
GTCTATCTGAGTTTCT-1,1
GTCTATTGCATGCTCG-1,1
GTCTCAAGGCCCGGCT-1,3
GTCTCCCGAGTCCCGT-1,3
GTCTCCGCCTCAATAC-1,3
GTCTCCTGCCAGTATG-1,2
GTCTCGACTAAGTTTG-1,1
GTCTCGATCTGCTTTC-1,1
GTCTCGCCAACACGCC-1,2
GTCTGCCGACTCGACG-1,1
GTCTGGGCGGTCGAGA-1,1
GTCTGTAGGTTGAACA-1,2
GTCTTACCACGCCAAG-1,3
GTCTTAGTACAGCCGG-1,1
GTCTTCCTCACCTAAG-1,1
GTCTTGAGGAGCAGTG-1,1
GTCTTGTAGCTATTCA-1,1
GTGAAACGGCGCCACC-1,1
GTGAAACGTGCTCCAC-1,3
GTGAACTCCCATTCGA-1,1
GTGAAGATTTCAAGTG-1,1
GTGAAGCCGTATAGTC-1,1
GTGAAGTCACGACTCG-1,4
GTGACAGCTTCCCACT-1,1
GTGACCTAAAGAATAA-1,1
GTGACGAGGGTGACCC-1,1
GTGACGCAGGTTTCAT-1,1
GTGACTTCAGTAGTGC-1,1
GTGAGATAACCTTATA-1,1
GTGAGCGTGCTGCACT-1,1
GTGAGGACACTTAAGG-1,3
GTGAGGAGCGGTTGAG-1,1
GTGAGTCGACTAATAG-1,3
GTGAGTCTAAGACGGA-1,1
GTGAGTGGTACAACGC-1,1
GTGATCAAGCGTGCAC-1,2
GTGATCATAGATCTGC-1,1
GTGATCCTTGTCATGA-1,3
GTGATGCACAACATCT-1,1
GTGATTCGCCGCTCAA-1,1
GTGCAACAAATGTGGC-1,1
GTGCACCAGCTTCAAC-1,1
GTGCACGAAAGTGACT-1,3
GTGCAGCGTAGAGTAG-1,3
GTGCCAAACGTTTCGA-1,4
GTGCCATCACACGGTG-1,1
GTGCCCGTTCGGATTC-1,5
GTGCCGCTTCAAAGGT-1,1
GTGCCTAGCTATGCTT-1,2
GTGCCTCAGTGTACGG-1,1
GTGCCTGAGACCAAAC-1,1
GTGCGAAATCGAACAC-1,1
GTGCGCAGCTTGCTCC-1,2
GTGCGCTTACAAATGA-1,2
GTGCGGGACCATCGGC-1,2
GTGCGGGTCTCCAAAT-1,1
GTGCGTGTATATGAGC-1,5
GTGCTATCCAGCTGGA-1,1
GTGCTCAAGTACTGTC-1,1
GTGCTGTTAGAACATA-1,1
GTGCTTACATCAGCGC-1,2
GTGGAACCTACATGCG-1,1
GTGGACCAACCCGATT-1,2
GTGGACGCATTTGTCC-1,3
GTGGACGTGCTGAGAC-1,5
GTGGAGCATGTCGGCC-1,3
GTGGAGCGTTTACCGA-1,2
GTGGAGTCGGCGGTTG-1,2
GTGGCAAACAGCGGCA-1,4
GTGGCCGGTTTCTCGG-1,4
GTGGCCTAATATCATT-1,1
GTGGCGGGCCGTAGCT-1,1
GTGGCGTGCACCAGAG-1,2
GTGGCTGTTTCTGTTC-1,1
GTGGGAACAAACCGGG-1,3
GTGGGCTTAGACACAC-1,3
GTGGGTACTGAGCGTA-1,4
GTGGGTCTTCTTTGCG-1,2
GTGGTATAGTCTGCCG-1,1
GTGGTCAGCGAAGTAT-1,3
GTGGTGATGGTTTGTG-1,3
GTGGTGGCCAAGTGAA-1,3
GTGGTTACTTCTTTCG-1,1
GTGGTTTCCGCCTTTC-1,1
GTGTACCTTGGCTACG-1,3
GTGTACGAACCGTTCC-1,3
GTGTATATCAGCGGGC-1,5
GTGTATGACTTTAAAG-1,2
GTGTCAGTGTACGTGG-1,1
GTGTCCGATAAGGCAT-1,6
GTGTCGTATAGCGTTC-1,3
GTGTCGTATTCACCTT-1,1
GTGTGAATAACTTAGG-1,3
GTGTGAGCCGAGGTGC-1,2
GTGTGTCGACGTCGCT-1,2
GTGTTACTATGCGTCC-1,1
GTTAAAGTAGGACTGG-1,5
GTTAACATCACTTAAA-1,5
GTTAACTATGTTGTCA-1,1
GTTAAGGGTGCGATGT-1,3
GTTAAGTTAGAGTGGG-1,1
GTTAATAGCGTCATTA-1,3
GTTAATGTCTATCTTA-1,6
GTTACAATTGGTGACG-1,1
GTTACCAAGGCGTACG-1,3
GTTACCTACAACTTGC-1,1
GTTACGAAATCCACGC-1,2
GTTACGGCCCGACTGC-1,2
GTTACTTTGGGCCTAG-1,1
GTTAGAGTGTGCCGCT-1,3
GTTAGCCCATGACATC-1,1
GTTAGCCGTAAATCAA-1,1
GTTAGGCTACCCGTTT-1,4
GTTATAATACGGTGAA-1,1
GTTATATCAGGAGCCA-1,1
GTTATATTATCTCCCT-1,1
GTTATCAAGCTATCGA-1,1
GTTATCACCTTCTGAA-1,1
GTTATTAAATACGACC-1,1
GTTATTAACGTGGGAG-1,6
GTTCAAATCAGATGTC-1,2
GTTCAATCTATGTCAA-1,1
GTTCACAGGAGTCTAG-1,1
GTTCAGTCGCCAAATG-1,3
GTTCATCGTTTGGCTG-1,1
GTTCCAAGACAGCGAC-1,2
GTTCCAGTCTGACCAT-1,1
GTTCCCGTAAACATAT-1,3
GTTCCGTCCGCCTGCA-1,1
GTTCGACAATTGTATA-1,2
GTTCGCCATAAGTGCC-1,1
GTTCGCTGAGACGTCT-1,1
GTTCGGAGCACTCAAC-1,3
GTTCGGATCGGGAACA-1,1
GTTCGGGCGTACCATT-1,1
GTTCGGTGTGGATTTA-1,2
GTTCGTCTGGGTCCCT-1,1
GTTCGTTGCGGACCAG-1,2
GTTCTTCCCTCGATGT-1,1
GTTCTTGTAACTCAAT-1,3
GTTGAACCGGTTCCAT-1,1
GTTGAGTCCCGCCGGT-1,5
GTTGCACGGAGTTTCG-1,1
GTTGCAGTCGACAACA-1,3
GTTGCCCTAACGGGTG-1,4
GTTGCGCTAACATTAC-1,1
GTTGCGGACGGTCAGG-1,3
GTTGGACCGCATCAGG-1,1
GTTGGATTCAGTGGCT-1,1
GTTGGATTGAGAACAC-1,3
GTTGGATTTGCGTTGG-1,1
GTTGGTCATGCTATCC-1,3
GTTGTAGATTTATGAG-1,3
GTTGTCGTGTTAGTTG-1,1
GTTGTTACATTGCGCT-1,2
GTTGTTGCAAGATGGC-1,3
GTTTACGTTCCATCTG-1,1
GTTTATGGGATTTAGA-1,1
GTTTCAAACGAGTTGT-1,1
GTTTCATATCGTCGCT-1,2
GTTTCCTGGAGGGTGA-1,1
GTTTCTAGAGGCGCGG-1,1
GTTTCTGCAGTCTCCC-1,1
GTTTCTTGTTAGAGCT-1,4
GTTTGACCAAATCCTA-1,5
GTTTGAGCGGTTATGT-1,2
GTTTGGCCCAAGTTAT-1,5
GTTTGGCCGCTCAGCG-1,2
GTTTGGCGTCAGGCAC-1,2
GTTTGGGCTTGTGAGC-1,1
GTTTGGGTTTCGCCCG-1,3
GTTTGGTAGGGTCAAC-1,1
GTTTGGTGATCGGTGC-1,1
GTTTGTTAGCCAAGTA-1,4
TAAACCCAGGAGGGCA-1,2
TAAACGTCGTCAATGA-1,2
TAAAGACAACCCTTTA-1,1
TAAAGAGCCCGAAACC-1,3
TAAAGCGGTATTTCCA-1,1
TAAAGCGTTAGGAGAA-1,1
TAAAGCTGCAATAGGG-1,1
TAAAGGAGAAACTAGT-1,2
TAAAGTGCACGTCTCG-1,3
TAAATCTTTACACCTC-1,1
TAAATGAATCCGTTTC-1,5
TAAATGCCGTCTCATG-1,1
TAAATGGGCTACTGAG-1,3
TAAATTGTGGGTAAAG-1,1
TAAATTTAGTAACACC-1,1
TAACAAAGGGAGAAGC-1,5
TAACAGCGTTTGTGCT-1,1
TAACAGGTTCCCTTAG-1,1
TAACATACAATGTGGG-1,3
TAACATACACGCGATC-1,2
TAACCGCCCGCAGTGC-1,1
TAACCGTCCAGTTCAT-1,2
TAACCTACCGTCCGAG-1,1
TAACCTAGGGAGTCCA-1,1
TAACGCTTTGAGAGCG-1,1
TAACTATCGAAGGTCC-1,5
TAACTATTACGCCAAA-1,1
TAACTCATCCGCGCGG-1,1
TAACTCCATGGAGGCT-1,1
TAACTGAAATACGCCT-1,4
TAAGAGGGACAGGGAC-1,2
TAAGATTTAGCGGGAG-1,2
TAAGCCCTTACGACCA-1,2
TAAGCGCGAATCAAAT-1,2
TAAGGAACTTGTGGGA-1,5
TAAGGCAACATAAGAT-1,3
TAAGGCATAACATCAA-1,3
TAAGGCCCGTCACCCT-1,1
TAAGGGCCTGTCCGAT-1,3
TAAGTAAATGTGCCGC-1,2
TAAGTAACATCTTGAC-1,1
TAAGTCGCCGAGTATC-1,2
TAAGTCGGTGAGCTAG-1,5
TAAGTGAATAGTCTAC-1,4
TAAGTTGCGACGTAGG-1,3
TAATAAACAAGGAGAT-1,1
TAATACACAGTAGTAT-1,1
TAATACTAGAACAGAC-1,1
TAATAGAACAGAGTTA-1,1
TAATAGCTAAATGATG-1,2
TAATAGGTCACCAGAA-1,2
TAATAGTGACGACCAG-1,3
TAATATTGAAATTCGC-1,1
TAATCAACCAAATGGG-1,3
TAATCAGGAATGCTGC-1,2
TAATCGATCCGTACGT-1,1
TAATGAAAGACCCTTG-1,6
TAATGTCGGTTCATGG-1,4
TAATTACGTCAGTAGA-1,1
TAATTAGATGGATATG-1,2
TAATTAGGACATCCGT-1,1
TAATTCCAATGCTTCA-1,3
TAATTGCGCTGATTAC-1,4
TAATTGGAATCGGGAA-1,1
TAATTTCCGTCCAGTA-1,4
TACAAATTGCGGAGGT-1,2
TACAACAGCGCATACA-1,3
TACAACGCACAACTCA-1,1
TACAAGCTGTTCACTG-1,6
TACAAGGGCTTCTTTA-1,1
TACAAGTCTCGTGCAT-1,1
TACAATGAAACCAGCA-1,6
TACACAGCCGTGGTGC-1,1
TACACCGTCGTTAGTC-1,1
TACACCTCTTCGAATC-1,1
TACAGAAACGGTGGGC-1,3
TACATAGGCATACACC-1,1
TACATCCCTATCCCTG-1,4
TACATCTTGTTTCTTG-1,2
TACATGACCTTATCCG-1,1
TACATGCCGGAATTGT-1,3
TACATTTCTAACGTGC-1,1
TACCAAATAGCCCAGA-1,5
TACCAATAAAGTACCA-1,5
TACCAGAAGTAGGTTC-1,1
TACCAGCTAGGTTTAA-1,1
TACCAGGAATCCCGTC-1,1
TACCATGTATTGATTT-1,1
TACCCTCGGTAACCCT-1,3
TACCGAATAATTGTAA-1,1
TACCGGCTCACTGCCC-1,3
TACCGGTCGTTTCCAT-1,1
TACCGTAGGTTAACTA-1,3
TACCGTGCCTCGGACC-1,3
TACCTACTCCCAGTAT-1,5
TACCTATCCCTAGAGG-1,4
TACCTCACCAATTGTA-1,1
TACCTCACGCTTGTAC-1,1
TACCTCAGTTGTCTGT-1,3
TACCTCCACACCAATG-1,2
TACCTCTTTACCATCC-1,3
TACCTGCTGCACTGTG-1,2
TACCTTAAGATTTCCC-1,2
TACGAACACGACTTCA-1,3
TACGACGCTTGCTGCG-1,1
TACGACTGCCTCTTAG-1,1
TACGAGAACTTCACGT-1,1
TACGATCCAAGCCACT-1,2
TACGATGTTGATCATC-1,1
TACGCAGTTCTTTCCT-1,1
TACGCCATATTCTAAT-1,1
TACGCCGAGGGTACCC-1,2
TACGCCGCCTCAGAAG-1,3
TACGCCTCCATTCCGA-1,3
TACGCTATAGAAACCT-1,1
TACGCTCCTAGAACTG-1,1
TACGCTCGGTATTGGA-1,3
TACGCTGATAGTTGTA-1,4
TACGCTGCACGGTCGT-1,1
TACGCTGCTGTGTTAA-1,2
TACGGAAGCCAAACCA-1,1
TACGGCATGGACGCTA-1,3
TACGGGATGCTAGCAG-1,1
TACGGGTAATAACATA-1,2
TACGTAAAGCGGAGTG-1,1
TACGTACTAGTGCTGA-1,1
TACGTGCAAGGTTCCT-1,3
TACGTGCACTATGCTG-1,5
TACGTGGGCCCAGGGC-1,1
TACGTTTACCGGCAAT-1,1
TACTACGTGCAATGCG-1,2
TACTATGGTTCCTCAG-1,1
TACTCACAACGTAGTA-1,2
TACTCATTGACGCATC-1,3
TACTCCTCTAGTTGAC-1,1
TACTCGTTTGAATCAA-1,2
TACTCTCCGAACAAAT-1,1
TACTCTTACTTTACTG-1,3
TACTCTTTCGTCTTCA-1,3
TACTGAACAGATTTAG-1,1
TACTGAGGGAAGAAAG-1,4
TACTGCAATCAATTAC-1,1
TACTGCATGATTAAAT-1,2
TACTGGACAGCTCGGC-1,1
TACTGTTTCTCTGGTA-1,1
TACTTAAACATGTACA-1,3
TACTTGTTAGTAGTCC-1,3
TAGAAACACAATAGTG-1,2
TAGAAACCACTAAGTA-1,1
TAGAAAGGTGGCGCTA-1,3
TAGAACGCCAGTAACG-1,2
TAGAAGAAGGGTTACA-1,3
TAGAATAGCCGATGAA-1,3
TAGAATTAAGGGCAAC-1,1
TAGACGAAACGCCAAT-1,3
TAGACTACCTAGCGTT-1,1
TAGACTCAGTTGGCCT-1,4
TAGAGATCATGCAACT-1,4
TAGAGCTACGAAGAAC-1,1
TAGAGGGAGTTTATCT-1,3
TAGAGGTTCTACTTGT-1,3
TAGAGTCTAAGCGAAC-1,5
TAGAGTGTTCCGGGTA-1,1
TAGATATGGACTGGAA-1,1
TAGATCCGAAGTCGCA-1,1
TAGATGGTTCCTTACT-1,3
TAGATTCAAAGTGCGG-1,1
TAGATTCCTGGTTATT-1,2
TAGATTCTCTAGCAAA-1,1
TAGCAACCTGTCACAA-1,3
TAGCAGATACTTAGGG-1,1
TAGCAGTAAATACGCG-1,2
TAGCAGTATGACTAAA-1,3
TAGCCAGAGGGTCCGG-1,2
TAGCCATGATTGCCTA-1,4
TAGCCATTTCAAAGTC-1,3
TAGCCGGCGGTCAGCG-1,5
TAGCGTCCCTCGATTG-1,1
TAGCGTCCGGTGTGGT-1,3
TAGCGTCGAATATTGA-1,2
TAGCGTTGGGTCTTAC-1,1
TAGCTAAGTCCGGGAG-1,5
TAGCTAGAAGGCATGA-1,1
TAGCTAGTGATGATGG-1,3
TAGCTCACTGTGTTTG-1,3
TAGCTCAGATCCTAGT-1,2
TAGCTCGCCTGATAAC-1,1
TAGCTGATGTGAAGCG-1,4
TAGGAACAGCCTCCAG-1,1
TAGGAGGCTCGAGAAC-1,3
TAGGATCTTAACCGCA-1,2
TAGGCATGTTACGCCA-1,1
TAGGCCTATATAGTCT-1,1
TAGGCGATGAGGTCTC-1,4
TAGGCGGCTGCAAAGA-1,2
TAGGCTAAAGTGGCAC-1,3
TAGGGTGTTTCAAGAG-1,1
TAGGTCCAAGTAAGGA-1,1
TAGGTGACGATAACCT-1,3
TAGGTGAGCCCTACTC-1,1
TAGGTGCTCGCCTAGC-1,5
TAGGTGTTCCACAGAT-1,5
TAGGTTCGAGTTCGTC-1,1
TAGGTTCTGCTGAGAA-1,3
TAGTACCACAACTTTC-1,2
TAGTACCTTAGTGGTC-1,2
TAGTAGCTTATACCAG-1,1
TAGTAGTTGCCGGACA-1,3
TAGTCCCGGAGACCAC-1,3
TAGTCCGCAGAGAATG-1,1
TAGTCCGTATGCATAA-1,1
TAGTCCTGCACTAAGC-1,2
TAGTCGGGATTCTTCG-1,2
TAGTCTAACAACGAGA-1,1
TAGTCTGCGGCACATT-1,2
TAGTCTGTGACGTTGC-1,1
TAGTCTTTCCGAATTG-1,1
TAGTGACAAGCTCTAC-1,1
TAGTGAGAAGTGGTTG-1,6
TAGTGCCCTCCAGAGT-1,1
TAGTGCTTGAATCCTT-1,2
TAGTGGAACTCATACA-1,1
TAGTGTCAGAAACGGC-1,6
TAGTTAAGATAGGATA-1,3
TAGTTTATTCTTGCTT-1,1
TAGTTTGATCGGTCGC-1,2
TATAAATCCACAAGCT-1,3
TATAAGTGAGGATAGC-1,3
TATACACAGACGCCTT-1,3
TATACACGCAAAGTAT-1,5
TATACCGAGTGCCACA-1,3
TATACGCGTCATCACT-1,5
TATACTCATGCGGCAA-1,6
TATAGAGTCGCTTGAA-1,1
TATAGATGGTCGCAGT-1,1
TATAGCGCACGTTATC-1,4
TATAGCTATTATCTCT-1,2
TATAGTTAGGTGTACT-1,4
TATATAGGGCTTTACG-1,2
TATATATCGAGAAATG-1,2
TATATCAAAGTGATCT-1,2
TATATCATTGATCAGT-1,1
TATATGCTGGGTTGCC-1,1
TATATTACAAATGTCG-1,1
TATATTCGCGTCGATA-1,1
TATCAAAGGTCTGTAA-1,1
TATCACAGCACGGGCA-1,1
TATCACCATGTAAAGT-1,1
TATCACCCAACCGACC-1,1
TATCACTTCGAGTAAC-1,1
TATCAGTGGCGTAGTC-1,4
TATCCAATTGGTTATC-1,5
TATCCATATCATGCGA-1,1
TATCCATCTCGGTTAG-1,2
TATCCCTCGATCTGCA-1,2
TATCCGCACCGTCGGG-1,1
TATCCTATCAACTGGT-1,1
TATCCTGCATGGGAAT-1,1
TATCGATCTATGCATA-1,1
TATCGATGATTAAACG-1,1
TATCTACAGAGGTAAT-1,1
TATCTACCACAGCGGG-1,1
TATCTGAGCCGATATT-1,2
TATCTTGCAATACAAC-1,2
TATGAAGAATTAAGGT-1,1
TATGAAGACAGGTGCG-1,2
TATGACCTTGCGCTGG-1,4
TATGATAAATCTAACG-1,1
TATGATCCGGCACGCC-1,1
TATGATCTTCTCTTTA-1,3
TATGATTCTGCTTGGT-1,2
TATGCTCCCTACTTAC-1,3
TATGGAGTTTCTCGTT-1,2
TATGGATGTGCTACGC-1,3
TATGGCAGACTTTCGA-1,2
TATGGCCCGGCCTCGC-1,3
TATGGCTAGGCTAATT-1,2
TATGGGACCGAGCAGG-1,1
TATGGGTACGTATCGT-1,3
TATGGTCTGAGTAACA-1,1
TATGGTTAGTGGGAGA-1,1
TATGTAAAGTGCTTAA-1,3
TATGTAGAAACCCGGC-1,4
TATGTCAAGACCGACT-1,1
TATGTCTCATTGTGCC-1,3
TATTAACACCAAAGCA-1,4
TATTAACCTGACCGCG-1,1
TATTATGTTTGCCTGC-1,2
TATTCAATTCTAATCC-1,3
TATTCCACTCAGCTCG-1,1
TATTCCGAGCTGTTAT-1,5
TATTCCGGCAGTCCTA-1,1
TATTCCTCCGCCCACT-1,2
TATTCGTGCCAGAATA-1,3
TATTGACATTTCTGCC-1,1
TATTGCCGGGCTTGTA-1,3
TATTTAGTCTAGATCG-1,1
TATTTATACCGAGTAG-1,1
TATTTGATTTGCACAG-1,1
TATTTGTTACCCTTTA-1,1
TCAAACAACCGCGTCG-1,3
TCAAACAATTAGGACA-1,2
TCAAACTTAGATTGTT-1,1
TCAAAGAGCTATCTGT-1,4
TCAAAGTCACGGCGTC-1,2
TCAAATTATGTTCGAC-1,1
TCAAATTGTTGTGCCG-1,1
TCAAATTTGAGACTCA-1,3
TCAACAAAGATAATTC-1,2
TCAACACATTGGGTAA-1,2
TCAACATAGCGCCCTA-1,1
TCAACATCGACCGAGA-1,4
TCAACCATGTTCGGGC-1,1
TCAACGAGGAGACAAA-1,3
TCAACGCAGGAAATAA-1,2
TCAACGCGACCGGCAG-1,4
TCAACTAACGTATAAC-1,2
TCAACTGCAGAGTCAG-1,1
TCAAGAAATACTAGCT-1,1
TCAAGCGCGGACGGTA-1,3
TCAAGCTGCCTTGAAA-1,2
TCAAGGTTACTACACC-1,1
TCAATACAATTGCTGC-1,1
TCAATACGCCGTCATG-1,5
TCAATATACAGGAGGC-1,3
TCAATCCCGCGCCAAA-1,3
TCAATCCGGGAAGTTT-1,1
TCACAAACCGAGGTAC-1,3
TCACAGATCCTCAAAC-1,2
TCACAGCAAACTCGAA-1,1
TCACAGGAGAATAAGA-1,1
TCACAGGGAATCGCAA-1,3
TCACAGGTTATTGGGC-1,1
TCACATCTTATCTGAT-1,2
TCACCCTCTTAAGATT-1,1
TCACGATGTCCGTGGA-1,2
TCACGATTAATACGTT-1,2
TCACGCATTGTAGATC-1,1
TCACGGCCCAAGAGAG-1,2
TCACGGTCATCGCACA-1,3
TCACGTGCCCGATTCA-1,1
TCACTACGACCAATGC-1,1
TCACTATCCCTTCGGT-1,1
TCACTATCGTGCAATC-1,2
TCACTCAGCGCATTAG-1,2
TCACTCGTGCAACGGC-1,1
TCACTCTTCGTCTGTC-1,2
TCAGAACCTCCACAGG-1,1
TCAGAACGGCGGTAAT-1,1
TCAGACGCTATAGAAG-1,3
TCAGAGCATGTCAACG-1,2
TCAGAGGACGCGTTAG-1,2
TCAGAGTGTGAGCATG-1,3
TCAGATGGAGACGTAG-1,2
TCAGCAAATGCATCTC-1,3
TCAGCAGTAGGCCCTG-1,1
TCAGCCAATCCGTAAA-1,1
TCAGCGCACGCCGTTT-1,1
TCAGCTTGAGCTTTCG-1,4
TCAGGGCGACTTCCTT-1,1
TCAGGGCGCAAACTCG-1,2
TCAGGGTGCACGAAAC-1,1
TCAGGGTGTAACGTAA-1,3
TCAGGTTCTTTGAGAA-1,1
TCAGTACTGACCCGCG-1,5
TCAGTAGGGACTATAA-1,1
TCAGTGTATACGTCAT-1,2
TCAGTTACGGAATGAT-1,1
TCATAAGTCCAAGAAG-1,3
TCATACTTACAGATCC-1,3
TCATATGAGCTTTGTT-1,5
TCATCACTCGAGCTCG-1,1
TCATCCATCTGATCAC-1,4
TCATCCCAGAGGGTGG-1,1
TCATCCTCAGCTGCTT-1,1
TCATCGACGACCGTCG-1,1
TCATCGATGGTCCCAA-1,2
TCATGAAGCGCTGCAT-1,4
TCATGCAGGTTCTCAT-1,1
TCATGGAGGCCTTTGT-1,1
TCATTCGTATAATTTG-1,2
TCATTTAGAAGTGTGA-1,1
TCCAACTCAGCTATCT-1,2
TCCAACTTTAAATTCT-1,1
TCCAAGCCTAGACACA-1,1
TCCAATAAAGGCTACC-1,3
TCCAATGCGTCGCCGC-1,2
TCCACAATGGTTTACG-1,1
TCCACATCGTATATTG-1,5
TCCACCAAGACATAGG-1,1
TCCACCTCTAGCCTTT-1,1
TCCACTTTATCTAGGT-1,3
TCCAGAGCACCGGTTC-1,1
TCCAGATGTACGCCAA-1,1
TCCAGCGCTATAAGCG-1,1
TCCAGGCAGGACGATC-1,3
TCCAGGCGAGTACGGT-1,3
TCCAGGGTATATACGA-1,3
TCCATCAATACTAATC-1,2
TCCATTAGTTGGATAG-1,2
TCCATTCCCACTAGAG-1,2
TCCATTGTGACCTCGT-1,1
TCCCAAACAGACAACG-1,1
TCCCAAACATCCTCTA-1,1
TCCCAAAGACGAAGGA-1,3
TCCCAAAGCCCTAAAT-1,1
TCCCAATATCGACGAC-1,1
TCCCACGGAGGGAGCT-1,1
TCCCACTCTCTTCCGG-1,1
TCCCAGCACACGACAT-1,3
TCCCAGCTTTAGTCTG-1,1
TCCCAGGCTTAGCTAA-1,1
TCCCGCCTATGTGCGT-1,1
TCCCGCGTACTCCTGG-1,5
TCCCGGGTGTGCTGCT-1,1
TCCCGGTCAGGAATTT-1,2
TCCCGTCAGTCCCGCA-1,3
TCCCGTCGCGTCATAG-1,1
TCCCGTGTGCAATTTG-1,5
TCCCTAGATCAATAGG-1,1
TCCCTCCGAAATCGTT-1,2
TCCCTCTTCTCAAGGG-1,1
TCCCTGGCGTATTAAC-1,2
TCCCTGGCTCGCTGGA-1,1
TCCCTTAGATTACTCG-1,1
TCCCTTGTCTGAAACT-1,3
TCCGAACGTTGCCGCT-1,3
TCCGAAGTAGTCACCA-1,1
TCCGAATGGTCCTGAG-1,1
TCCGACCGCTAATCAA-1,2
TCCGAGAAGGCTAAGC-1,2
TCCGATAATTGCCATA-1,1
TCCGATGACTGAGCTC-1,3
TCCGATGGTGCGACAT-1,1
TCCGATTACATTGCCG-1,1
TCCGCAGCCACCTAGC-1,2
TCCGCCTGTCTACAAG-1,3
TCCGCGGCAGCATCTG-1,5
TCCGCGGCCCAATGAA-1,3
TCCGCTGGGTCGATCG-1,4
TCCGCTGTCATCCCGG-1,5
TCCGCTTATCCCATTA-1,1
TCCGGAGGAAGGGCTG-1,1
TCCGGCCTGCATCGAT-1,1
TCCGGCTGTCGGGTCG-1,3
TCCGGGCCACTAACGG-1,1
TCCGGGCTTGACGGGA-1,3
TCCGGTTCGTCCGGTC-1,1
TCCGTAACCACAATCC-1,2
TCCGTTAAGCTAATAT-1,1
TCCGTTTAGCCTTGAA-1,1
TCCTAAAGATTCAGAC-1,1
TCCTAAATTGGGAAGC-1,3
TCCTAACCGTCGGGCA-1,1
TCCTACATCCACGGCC-1,5
TCCTAGCAAAGAAGCT-1,1
TCCTATCATAGGTAAC-1,1
TCCTCGGGCTGGGCTT-1,3
TCCTCTACGAGATGGC-1,5
TCCTCTCCAGTTGTCC-1,2
TCCTCTGGCCCATTAG-1,1
TCCTGCAGCCGCCAAT-1,2
TCCTGCCAACTGGAGA-1,1
TCCTGCGTTGATACTC-1,1
TCCTGGCGCTGCCTGG-1,1
TCCTTCAATCCCTACG-1,4
TCCTTCAGTGGTCGAA-1,1
TCCTTGTCCTTTAATT-1,3
TCCTTTAAATCCGCTT-1,3
TCCTTTCTTACGCTTA-1,3
TCGAAATTTAGGACCA-1,1
TCGAATATCCCGCAGG-1,2
TCGAATCGCAGGGTAG-1,1
TCGACAACTGAACCCG-1,2
TCGACATAGCGTAGCG-1,2
TCGACTGACGATGGCT-1,3
TCGAGACCAACACCGT-1,1
TCGAGCCAGGCAGGCC-1,2
TCGAGGGCAACAGACG-1,3
TCGAGTCTACGATTCG-1,4
TCGATAGGCTAGTCGC-1,1
TCGATGTTACGGCCGT-1,4
TCGATTTACGAAACGA-1,1
TCGCAAAGATGCATTT-1,3
TCGCACCAGGAGGCAG-1,5
TCGCACTAACGTTTGT-1,2
TCGCATAAAGGGCGCA-1,1
TCGCATCCCTAAGTGT-1,3
TCGCATTCAATGACTT-1,2
TCGCCACCCGGATTAC-1,4
TCGCCCAACTGACTCC-1,2
TCGCCCACTGCGAGAG-1,2
TCGCCGAAGTTGCGTC-1,1
TCGCCGACATATTCGC-1,3
TCGCCGCACCGCGTGA-1,4
TCGCCGGAGAGTCTTA-1,2
TCGCCGGATGGGCAAG-1,1
TCGCCGGTCGATCCGT-1,1
TCGCCTCCTTCGGCTC-1,1
TCGCCTCGACCTGTTG-1,2
TCGCGCGTTTACATGA-1,4
TCGCGTAGCAGTGTCC-1,1
TCGCGTCCAGAAGGTC-1,3
TCGCTAAACCGCTATC-1,1
TCGCTACTGGCTTTGA-1,1
TCGCTCGATATATTCC-1,3
TCGCTCGGCACCAGCG-1,1
TCGCTGCCAATGCTGT-1,1
TCGCTGGGCGGATTGT-1,3
TCGCTGTGCGTAAATC-1,3
TCGCTTAATTACGAAG-1,2
TCGCTTTAAACGTTTG-1,1
TCGGAATGACCATCAA-1,1
TCGGAATGCGCTCTGA-1,3
TCGGACGCCCAGCCCA-1,3
TCGGAGAGTATCGGGA-1,4
TCGGAGTACATGAGTA-1,3
TCGGAGTCCTGGTTGC-1,4
TCGGATCTGGATGACC-1,4
TCGGCAGGGTTAAGGG-1,3
TCGGCGAACCCAAACC-1,1
TCGGCGGTATTAGATT-1,2
TCGGCGTACTGCACAA-1,4
TCGGCTAACTTCCCTT-1,1
TCGGCTTGTATCGACG-1,3
TCGGGAACGTGCCTAG-1,1
TCGGGAGACAGCGTAC-1,5
TCGGGCACTTCTGGAT-1,6
TCGGGCCGTCGTGGTA-1,3
TCGGGTGAAACTGCTA-1,1
TCGGTCCCGACAATAG-1,2
TCGGTCCCTGACTCCA-1,1
TCGGTGACCGCTCCGG-1,1
TCGGTTAGCCATGTAG-1,2
TCGTAACTCCCAAGAC-1,3
TCGTAAGACGACATTG-1,5
TCGTAAGCTCCGAGGA-1,1
TCGTACCGACGTCAAG-1,1
TCGTATAGTGCAATTA-1,1
TCGTATCACCAAGCTA-1,2
TCGTATTACCCATTGC-1,4
TCGTATTTCGTCCGGA-1,1
TCGTCAAGTACGCGCA-1,2
TCGTCACACTGTTAGC-1,2
TCGTCCGCTGGCGTCT-1,3
TCGTCCGGGTACACTC-1,2
TCGTCTTAGGCGTTAA-1,5
TCGTGTACTATGGATG-1,1
TCGTGTATTGGTCACG-1,1
TCGTGTCACGCTGACA-1,4
TCGTGTTCGACCACAA-1,1
TCGTTAGGAGTCCCTA-1,1
TCGTTCGTTATTATGT-1,1
TCGTTGACAGGGTCCC-1,1
TCGTTGCTATCCGGTC-1,1
TCGTTGGCTCGTCAAT-1,6
TCGTTTACGCGACCCT-1,2
TCTAAAGAACAGTCTC-1,4
TCTAACCTAGCCTGCG-1,3
TCTAACTGTATGTAAA-1,2
TCTAATACTGCCTCAG-1,2
TCTACACGTTCATGCA-1,2
TCTACCCAATAGAGAG-1,1
TCTACCCGCATCATTT-1,3
TCTACCGTCCACAAGC-1,5
TCTACGCACGATCTCC-1,4
TCTACGGGCTCAGTTG-1,2
TCTAGCAATCTCCGCC-1,2
TCTAGCATCTTCGATG-1,1
TCTAGCATGCCCAGAA-1,1
TCTAGTTATCAGAAGA-1,1
TCTATAGGTGGGTAAT-1,1
TCTATCATGCAGTTAC-1,3
TCTATCCGATTGCACA-1,2
TCTATCGGTCGCAACA-1,2
TCTATGCTATAACGAC-1,3
TCTATTACGCTGGCGA-1,1
TCTCAAATCAATCGGG-1,1
TCTCAGGCTACTCGCT-1,3
TCTCATGAGATAGGGT-1,5
TCTCCAACGTAGGTTA-1,1
TCTCCACAAGTTGAAT-1,3
TCTCCCTGGGCAGCGT-1,5
TCTCGAACGAGGTCAC-1,1
TCTCGACGTATCGCCG-1,1
TCTCGAGGAGGTTCGC-1,1
TCTCGGCTCCAGGACT-1,2
TCTCGTGTTACGAGGA-1,4
TCTCTAATAGCTGGTA-1,1
TCTCTCGCCGCACATA-1,3
TCTCTTACCGCGAACC-1,3
TCTGAACCGGTCGGCT-1,5
TCTGAAGCACGTGGTC-1,5
TCTGACGGGCTAACCC-1,1
TCTGACTGTAATGGTT-1,2
TCTGAGCAATTGACTG-1,1
TCTGATCGGGTGCTAG-1,1
TCTGATGTATTCTGTC-1,5
TCTGATTGGAAATGGA-1,3
TCTGCACCATTAGTAA-1,3
TCTGCAGATTCGAGTC-1,1
TCTGCATACCTTGCTT-1,3
TCTGCCAGAAACTGCA-1,3
TCTGCGAATCGTTCGC-1,3
TCTGCGTCCGGTTTCT-1,6
TCTGCTTAGAACAAGC-1,3
TCTGGAGCGTAAGAGT-1,3
TCTGGCCGTTCAAGTT-1,1
TCTGGCGCAAGCCGGG-1,2
TCTGGGTAGCGCTCAT-1,1
TCTGTCATACAAGAGC-1,3
TCTGTGACTGACCGTT-1,1
TCTGTGATGGAGGTTG-1,2
TCTGTGCCATCATAGT-1,3
TCTGTGGCTACATTTC-1,2
TCTGTTACCCAGCATA-1,2
TCTGTTTAGATTGTTC-1,4
TCTTAACTCGGATGTA-1,2
TCTTACAGAGGTACCG-1,3
TCTTACCGGAACTCGT-1,3
TCTTACGGCATCCGAC-1,3
TCTTAGAGCTCCAATT-1,1
TCTTATGGGTAGTACC-1,6
TCTTCGAATAGACGTT-1,1
TCTTCGATACCAATAA-1,1
TCTTCGCGGTGAGAGG-1,1
TCTTCTATAACCCGCC-1,1
TCTTGATGCGTAGCGA-1,3
TCTTGCTCCCGATACT-1,3
TCTTGGTAACACCAAA-1,1
TCTTGGTCAATGATAC-1,4
TCTTTAGAGTCTAACA-1,1
TCTTTAGCAGGCGAAC-1,1
TCTTTCATCCGTCCTT-1,2
TCTTTCCTTCGAGATA-1,3
TCTTTCGGCGGGACAC-1,2
TCTTTCTCTTAAGGAG-1,1
TGAAACCTCAACTCAC-1,2
TGAAACTTATGCAAGC-1,1
TGAAAGGACCTGACTC-1,3
TGAACAAGCAGGGACT-1,1
TGAACACCCGAAGCAG-1,2
TGAACCTGAATGTGAG-1,2
TGAACTGCTATGACTT-1,1
TGAAGAGCGGTCCTAG-1,2
TGAAGTAGCTTACGGA-1,2
TGAATACCGACGCGTA-1,1
TGAATATGCTATAAAC-1,1
TGAATGAGATACAGCA-1,3
TGAATGAGTGTTTCCC-1,1
TGAATGTCAGCCGGCC-1,1
TGAATTTCACTTGCCT-1,4
TGACAACGCATGTCGC-1,3
TGACAACTTAAAGGTG-1,2
TGACACTTCTCTTTGC-1,3
TGACAGAAATCTTGCT-1,4
TGACAGGACAAGTCCA-1,4
TGACATATATGACGAT-1,2
TGACATGTAACGTGAC-1,3
TGACCAAATCTTAAAC-1,5
TGACCAGCTTCAAAGT-1,1
TGACCCAACTCACATT-1,2
TGACCCACGTTAGACA-1,1
TGACCCAGCATTCCCG-1,2
TGACGAATATTTCCCT-1,4
TGACTATAATCCTTTC-1,3
TGACTCCGAATCATAC-1,2
TGACTCTAACTGGTAA-1,3
TGAGAATGCTTTACCG-1,1
TGAGACGTACCTCTCA-1,2
TGAGATCAAATACTCA-1,1
TGAGATTAGGCCCTAA-1,1
TGAGCAGTCGTGAAGT-1,6
TGAGCCATACAGTCTC-1,1
TGAGCGGAAAGTGTTC-1,3
TGAGCTCAACTGTATA-1,3
TGAGCTTTAATGACGC-1,1
TGAGGAGTGCCAGCTT-1,3
TGAGGCATGTACTGTG-1,4
TGAGGTGTGTGGCGGA-1,3
TGAGGTTGATCCCAAG-1,2
TGAGTAAATTAGCGTA-1,1
TGAGTGCCTCTTAAAT-1,1
TGAGTGGTCCGTGACG-1,5
TGAGTGTAACAACGGG-1,1
TGAGTTAAAGACATTC-1,1
TGATACATTTAGCCGT-1,1
TGATAGCGGGATTCTA-1,4
TGATCACCACACTGAC-1,3
TGATCAGGGAACTGCT-1,4
TGATCCCAGCATTAGT-1,1
TGATCGGTTTGACCCT-1,3
TGATCTACGCTGATCT-1,1
TGATCTATCACACTCT-1,1
TGATCTCCGGCGCCAG-1,1
TGATGCTCACGTAGTC-1,2
TGATGGCTGTTTCTGA-1,1
TGATGGGACTAAGTCA-1,2
TGATGTCAATTAAGTG-1,3
TGATTATGGCACGCAG-1,2
TGATTCAGGTCCCGCG-1,4
TGATTCCCGGTTACCT-1,1
TGATTCGTCTATCACT-1,1
TGATTCTGTCGCCGGT-1,1
TGATTTATTAGCTGTG-1,1
TGATTTCCTCCTGACG-1,5
TGCAAACCCACATCAA-1,2
TGCAAACGTACTAGTT-1,1
TGCAAAGTTCGTCTGT-1,3
TGCAACCCATCTGCGG-1,3
TGCAACTACTGGTTGA-1,1
TGCAAGAATGACGTAA-1,3
TGCAATCTAACACGGT-1,3
TGCAATTTGGGCACGG-1,1
TGCACAGTGAAGTTAT-1,1
TGCACGAGTCGGCAGC-1,3
TGCACTATGTGAGTGC-1,2
TGCAGAACTATATCGT-1,4
TGCAGAGTACCGAGCA-1,1
TGCAGGATCGGCAAAG-1,3
TGCAGTGAGGCTCGGG-1,2
TGCAGTGGTAGGGAAC-1,2
TGCATATGTCTGTCAC-1,5
TGCATCTCCGGATCTT-1,2
TGCATGAGTAGATTCG-1,2
TGCATGGATCGGATCT-1,1
TGCATGGCAGTCTTGC-1,2
TGCATGTGACCCATAG-1,1
TGCATGTGGTAATCTA-1,5
TGCCAATGGGTACTCT-1,1
TGCCACACTAGAGGAA-1,4
TGCCACCTGGCGAAAC-1,1
TGCCAGTACGTGGAGA-1,3
TGCCATGGCTTATAAG-1,6
TGCCATTACTAAAGAA-1,1
TGCCCGATAGTTAGAA-1,1
TGCCCGTACCGTTAAA-1,3
TGCCGAAAGCGTATTC-1,1
TGCCGATGTCATCAAT-1,2
TGCCGGATGTACGAGC-1,4
TGCCGTGGATCGTCCT-1,5
TGCCGTGGGACCCAAT-1,5
TGCCGTTCTTAATCGG-1,4
TGCCTAAATTTAATAG-1,3
TGCCTAATTGAAGATT-1,3
TGCCTGACATCGGTCA-1,1
TGCCTGATCAAACGAT-1,1
TGCCTTGGCCAGGCAA-1,5
TGCGAATATGGGATTT-1,4
TGCGACACCCTAGTGC-1,1
TGCGACGGCCGAACGT-1,2
TGCGAGAAACGTTACG-1,2
TGCGAGAATATTACCC-1,1
TGCGAGATGGCGGCCA-1,2
TGCGAGCCCTTCCGCG-1,1
TGCGATGCTAATGGCT-1,2
TGCGCAAAGCATTTGG-1,1
TGCGCCGTTAATAACG-1,3
TGCGCGATTAACGGAG-1,3
TGCGGACTTGACTCCG-1,2
TGCGGAGTAAAGGTGC-1,3
TGCGGCATAGTTCAAC-1,1
TGCGGGTATTGGGATC-1,1
TGCGGTCTACGAGTAA-1,6
TGCGGTGAAATTTCAT-1,1
TGCGTAAGAACCTGAT-1,1
TGCGTACGGCTAATTG-1,1
TGCGTCATGACTGAGC-1,6
TGCGTGATTGGGTGTC-1,2
TGCGTTTGTTGACACT-1,3
TGCTATACAAACGGAC-1,1
TGCTATGGCAAAGGGA-1,2
TGCTCAAAGGATGCAC-1,4
TGCTCACACAACAACC-1,2
TGCTCGGCGAAACCCA-1,3
TGCTCGGTGGGTCACC-1,1
TGCTCTGCCGGTTCAC-1,2
TGCTCTTGAGAGTTTG-1,1
TGCTGCGTCAGAGTTA-1,2
TGCTGGTTGGACAATT-1,3
TGCTGTTGAAGAACTC-1,1
TGCTTAGAGAGAATGC-1,2
TGCTTCCCAAGCAGTA-1,5
TGCTTGAAACCATGCA-1,2
TGGAAACGGAGTGAAC-1,2
TGGAACCACTGACACA-1,1
TGGAAGAAGGGAACGT-1,1
TGGAAGACGAACACCA-1,3
TGGAAGGATAAAGATG-1,1
TGGAATATCCTTGACC-1,1
TGGAATTAGACGCTTT-1,6
TGGACACCGTTGCTTG-1,2
TGGACCAATCTAAGAT-1,3
TGGACCACGGCGTTGA-1,2
TGGACGCAATCCAGCC-1,2
TGGACGTAGGCGAATC-1,2
TGGACTGTTCGCTCAA-1,1
TGGAGAATAATCGTCC-1,1
TGGAGCTAAAGTTCCC-1,1
TGGAGGGAAACACCTC-1,2
TGGAGTGATGCGATGA-1,1
TGGATAGAGTAACAGA-1,2
TGGATGGCATCTTGGA-1,1
TGGCAAACTAAATTAC-1,3
TGGCAACTCGCGCGCC-1,1
TGGCAAGCACAAGTCG-1,1
TGGCAATGGGACGGCG-1,1
TGGCACGAGCTCGAGT-1,2
TGGCAGATTACGATCA-1,1
TGGCAGCAGTAATAGT-1,1
TGGCATGAAGTTTGGG-1,4
TGGCCAAACTGAAGTA-1,5
TGGCCAATTTGGTACT-1,4
TGGCCGTATATTGACC-1,3
TGGCGACTGCTCCAAA-1,3
TGGCGATCAAGTTATG-1,1
TGGCGGTGTGCGATTG-1,1
TGGCTACACTCTACCT-1,3
TGGCTATGTGACATAC-1,3
TGGCTCTTGTCGCGTA-1,4
TGGCTTATGTATAATG-1,4
TGGCTTGTACAAGCTT-1,2
TGGCTTTGGGTAGACA-1,1
TGGGAAATGCCTTTCC-1,3
TGGGACCATTGGGAGT-1,2
TGGGATGCACTCATTC-1,1
TGGGCAATAGTTGGGT-1,1
TGGGCACAAACAGAAC-1,1
TGGGCACGTTCTATGG-1,1
TGGGCAGGCCACCGCA-1,1
TGGGCCACAAGAGCGC-1,1
TGGGCCCATACTAATT-1,3
TGGGCCTTGCCTGCAT-1,2
TGGGCGATACAATAAG-1,4
TGGGTAAGGTTCCCGC-1,1
TGGGTGCACAAGCCAT-1,2
TGGGTGGGATGTCATT-1,2
TGGGTGTAATAGATTT-1,1
TGGGTGTTAAGTAGAA-1,5
TGGGTTCCCGGACGGA-1,2
TGGGTTTCGGGCGTAC-1,2
TGGTAAGCAGGATTGA-1,4
TGGTAGAATATATGGG-1,1
TGGTATCGCATCCCAA-1,1
TGGTATCGGTCTGTAT-1,3
TGGTCCCACGCTACGG-1,3
TGGTCGATATACCTCT-1,2
TGGTCGGGTACAGGGC-1,4
TGGTCGTGCAAGGCAA-1,4
TGGTCGTTTGATAGAT-1,2
TGGTCTAGCTTACATG-1,2
TGGTCTGTTGGGCGTA-1,1
TGGTGATCGTATTTGT-1,4
TGGTGCCCTGCCTTAC-1,3
TGGTTAACTTACATTT-1,4
TGGTTAAGGGCGCTGG-1,1
TGGTTATGCTTGCGGT-1,1
TGGTTCAACGGGTAAT-1,3
TGGTTCGTAGCAAAGG-1,1
TGGTTGGAGGATCCTG-1,1
TGGTTTAAACGTGGGT-1,1
TGTAACTTGTCAACCT-1,2
TGTAAGACTGATAAGA-1,2
TGTAATGCCTTCGGAC-1,2
TGTACCCGACCCTAAT-1,4
TGTACCTACACGAGGG-1,2
TGTACGAACAAATCCG-1,3
TGTACGCTATCAGCTT-1,6
TGTACTACTCTCACGG-1,2
TGTACTATCGCTCGTT-1,1
TGTACTGTGCCAAAGT-1,2
TGTACTTCCGGGCATG-1,3
TGTAGCCAATTCCGTT-1,1
TGTAGCCATCCCATTC-1,1
TGTAGGAGAAATTTCC-1,5
TGTAGTGATCTATAAT-1,1
TGTATAACAGATCCTG-1,3
TGTATACGGATGATGA-1,2
TGTATCAGACTGAAGC-1,2
TGTATCCTTATTCCAT-1,1
TGTATTTACCTAATGC-1,1
TGTCATTTGTTGGGAA-1,1
TGTCCACGGCTCAACT-1,3
TGTCCCGACATAGCAC-1,3
TGTCCGCAAACAATTC-1,3
TGTCCTAAGTCACCGC-1,1
TGTCGGCATGGTGGAA-1,2
TGTCGTGGGTATAGGC-1,3
TGTCGTTATCACATAT-1,2
TGTCTACAGTTTCTGT-1,1
TGTGACTACGCCAGTC-1,1
TGTGACTAGAGTTTGC-1,3
TGTGAGACTAGCCCAA-1,5
TGTGATTCCAGCGCTT-1,6
TGTGCCAGAGGCAAAG-1,4
TGTGCCGGTGCCGGAA-1,3
TGTGGACTATCTACGT-1,3
TGTGGAGGAAGCTTAA-1,1
TGTGGCAAAGCGTATG-1,3
TGTGGCGGGCTTCTGG-1,3
TGTGGCTCCCACCAAC-1,1
TGTGGTAGGGTGCCTT-1,3
TGTGGTTGCTAAAGCT-1,1
TGTGTAGTAGCACGTG-1,1
TGTGTCGAAGTCGAGG-1,4
TGTGTCGCGAGTTGCA-1,5
TGTGTGACCATGAATC-1,4
TGTGTTCGTATCCAAG-1,2
TGTTAACAAAGTGACT-1,3
TGTTATTGTATGTGGC-1,5
TGTTCATAAATGTGCT-1,1
TGTTCCGCTTCCATGA-1,1
TGTTCCGGCCTGAGCT-1,5
TGTTCGTATTGCGGTG-1,1
TGTTCTCATACTATAG-1,3
TGTTCTCTACTCCCTA-1,2
TGTTCTTCCATTGACT-1,1
TGTTGATCACTGTTTA-1,2
TGTTGCCGTCGTCCCA-1,1
TGTTGTCAAGAAGTCT-1,3
TGTTTAATACTTCATC-1,1
TGTTTCGGTACTTCTC-1,1
TGTTTCTGAAGCGTGC-1,4
TGTTTGAGATCGTCAG-1,1
TTAAACAGAGTCCCGC-1,2
TTAAACCGGTAGCGAC-1,5
TTAAACCTGGTTCCTT-1,2
TTAAAGGCGATGCTCG-1,1
TTAAAGTAAGTCGCCA-1,1
TTAACACCTCGAACAT-1,2
TTAACCAACCCTCCCT-1,3
TTAACCCGAGGCGTGT-1,1
TTAACGAACAAGCAGT-1,1
TTAACGTCGCAAGACC-1,1
TTAACGTTAAAGCCTG-1,2
TTAACTCACGCGTGGA-1,2
TTAACTGATCGTTTGG-1,5
TTAACTTCAGGTAGGA-1,2
TTAAGACGAACGAACC-1,2
TTAAGATACCCAGAGA-1,4
TTAAGCCGACAACTTC-1,1
TTAAGCGCCTGACCCA-1,1
TTAAGGATACGGAGGT-1,2
TTAAGGCCCGTACTTT-1,2
TTAAGTATTGTTATCC-1,3
TTAATCAGTACGTCAG-1,1
TTAATGCGAGGTAACT-1,1
TTAATGTAGACCAGGT-1,3
TTAATGTGTTTGCAGG-1,2
TTAATTGCTTTGGGTG-1,3
TTAATTTCAGACGCGG-1,2
TTACAACTACGCATCC-1,1
TTACACGATCTGCGAC-1,1
TTACAGACCTAAATGA-1,1
TTACATCGTGGCCTGG-1,5
TTACATGCCACAACTA-1,1
TTACCATTGATTACCC-1,1
TTACCCATTGCCGGGT-1,1
TTACCCTAACAGTCCT-1,1
TTACCCTAGGGATTGG-1,3
TTACCGCCTTAGGGAA-1,2
TTACGGTGTCACCGAG-1,6
TTACGTAGCGCGTGCT-1,2
TTACGTATCTATGACA-1,3
TTACTAAAGGACTTTA-1,3
TTACTCCGGCCGGGAA-1,3
TTACTCTGGTACGTAC-1,2
TTACTGGGATATTTCA-1,1
TTACTGTCTAGAGCTC-1,1
TTACTGTTTCTCTACG-1,1
TTAGAAGAACATGACT-1,3
TTAGAATAAGGGTCGG-1,1
TTAGACACGATCGTTG-1,1
TTAGACGAGTCACCTC-1,3
TTAGAGGGATATACAG-1,4
TTAGAGTATTGTCGAG-1,4
TTAGAGTTTAGAAGGA-1,5
TTAGATAGGTCGATAC-1,2
TTAGCAACATGGATGT-1,3
TTAGCATCCCTCACGT-1,4
TTAGCCATAGGGCTCG-1,4
TTAGCGAATAGATAGG-1,1
TTAGCTAATACGATCT-1,1
TTAGGATGGGAGGGTA-1,3
TTAGGTCATAACCGAC-1,2
TTAGGTGTGACTGGTC-1,2
TTAGTAAACCTGCTCT-1,3
TTAGTAGGGCGGCGGG-1,1
TTAGTTCAAGTGTTCG-1,1
TTATAGATGCACATTA-1,1
TTATAGGTAATTGTCT-1,3
TTATAGTCCAAGGTGC-1,2
TTATATACGCTGTCAC-1,3
TTATATTTGGCAATCC-1,5
TTATCATACTCGCAAA-1,2
TTATCCAATCGAACTC-1,1
TTATCCGGGATCTATA-1,3
TTATCCTCAAGGAATA-1,4
TTATCTGACATTAGGA-1,4
TTATCTGTATCATAAC-1,1
TTATGAATGAAAGGGA-1,1
TTATGACAAACTGGAT-1,3
TTATGATCTTAACGAA-1,5
TTATGCGTCCCGGTCC-1,1
TTATGTTTGCGATAGA-1,2
TTATTAGAGCGTGTTC-1,1
TTATTAGGGAAGCATC-1,1
TTATTATCTGGAAGGC-1,3
TTATTTAGGTTCCTTA-1,3
TTATTTCATCCCAAAC-1,2
TTCAAAGTCTCTAGCC-1,3
TTCAACGACCCGACCG-1,3
TTCAAGCCGAGCTGAG-1,1
TTCAATACTCTGAATC-1,5
TTCAATTAGCCATAAT-1,1
TTCACGAAAGGATCAC-1,1
TTCACGGTCGTCACGT-1,2
TTCACTCGAGCACCTA-1,3
TTCACTTCCTAGAACG-1,1
TTCAGAGTAACCTGAC-1,1
TTCAGCCCTGGTCCAC-1,5
TTCAGCTGGCGTGCCC-1,3
TTCAGTTCAAGAGGAG-1,2
TTCAGTTTGTGGCAGC-1,1
TTCATAGCCTTGTAAC-1,2
TTCATAGGGTGTCCAT-1,2
TTCATGGCGCAACAGG-1,1
TTCCAATCAGAGCTAG-1,1
TTCCAATCTGGCTATC-1,1
TTCCACACAGATTTGA-1,1
TTCCACATTTCTCGTC-1,2
TTCCAGACGAGATTTA-1,1
TTCCAGTGGGTTTCGT-1,1
TTCCATCATGCGGTGA-1,1
TTCCATCGACAGCGTG-1,3
TTCCCAAAGTACTGAT-1,1
TTCCCGACGCTTCACT-1,6
TTCCCGGCGCCAATAG-1,4
TTCCGCAGAGAAATAT-1,1
TTCCGCGTGAGGCGAT-1,1
TTCCGGCCTTGAGGCT-1,3
TTCCGGCTCGACTTCT-1,2
TTCCGGTATCTGTGTC-1,2
TTCCGGTTACCCACTT-1,3
TTCCTCGAGGGTGTCT-1,1
TTCCTCGGACTAACCA-1,5
TTCCTTTCTGTGTTGC-1,2
TTCGAACGAAACATGC-1,1
TTCGACAGAGCCCGTG-1,3
TTCGACGGGAAGGGCG-1,3
TTCGAGCCGGCGCTAC-1,2
TTCGCACTCGCGTGCT-1,1
TTCGCACTGTACGACA-1,5
TTCGCATCCGGAAGCA-1,2
TTCGCCGCTCGCGCTA-1,4
TTCGCGCGCCATACGA-1,3
TTCGCTAGGAAGTTGT-1,1
TTCGCTATCTGACGTG-1,1
TTCGGACTGATGCCTT-1,2
TTCGGACTGGGCATGG-1,4
TTCGGCAACCCGCTGA-1,1
TTCGGCTAGAGATGGT-1,2
TTCGGGACTAATCGCG-1,1
TTCGGGCGCTAGTCTT-1,2
TTCGGGTTGCCACGGG-1,1
TTCGGTACTGTAGAGG-1,3
TTCGGTGGAGACGCCC-1,1
TTCGTAATCCCAGCGG-1,1
TTCGTACTCCAGAACG-1,3
TTCGTGCATGTTATAG-1,1
TTCGTGGGCTGGAAGC-1,2
TTCGTTCAACGAAGTT-1,1
TTCTACCTCAATCGGT-1,2
TTCTACCTTTATGTTG-1,1
TTCTACTTGCGAGGGC-1,3
TTCTAGAAAGTCTTAT-1,1
TTCTAGGCCAATTGTG-1,1
TTCTATGCCTTTCGCA-1,1
TTCTATTAAACGCAGC-1,1
TTCTCAATTGCTACAA-1,4
TTCTCTTACAGGTGAT-1,4
TTCTGACCGGGCTCAA-1,5
TTCTGCCGCGCCTAGA-1,3
TTCTGCGGGTTAGCGG-1,3
TTCTGCTAGACTCCAA-1,1
TTCTGTTTCCTGTCGC-1,2
TTCTTAGTGAACGGTG-1,5
TTCTTAGTGGCTCAGA-1,1
TTCTTATCCGCTGGGT-1,1
TTCTTCCCTTTGATAT-1,1
TTCTTCGCAATAGAGC-1,2
TTCTTGAGCCGCGCTA-1,1
TTCTTGCTAGCATCTC-1,1
TTCTTGGACGATCTGC-1,2
TTCTTGGAGTAATGAG-1,1
TTCTTGTAACCTAATG-1,5
TTCTTGTGTCCATCAG-1,2
TTCTTTGGTCGCGACG-1,1
TTGAAACCCTCATTCC-1,3
TTGAAAGGTGTAAAGG-1,1
TTGAACGAATCCTTTG-1,6
TTGAACGACGTGCTGA-1,3
TTGAAGAATTCCCAGG-1,3
TTGAAGGATGGGCGCC-1,2
TTGAAGTGCATCTACA-1,1
TTGAATATGGACTTTC-1,3
TTGAATCGTTGTATAA-1,4
TTGACATGAACGTGGA-1,1
TTGACCAGGAACAACT-1,1
TTGACCATGTTCTCCG-1,1
TTGACCGTGTTAATGA-1,2
TTGACGATTCAGCACG-1,1
TTGACTACCATATGGT-1,1
TTGACTATTGTCCGGC-1,1
TTGAGAAGTTTAGCAT-1,3
TTGAGAGTACTGCTAA-1,1
TTGAGCAGCCCACGGT-1,1
TTGAGCGCCACGTGAT-1,1
TTGAGGCATTTAACTC-1,1
TTGAGGGTCGAACGCG-1,2
TTGAGTCCCGCTGCTG-1,1
TTGATAGTCAATACAT-1,1
TTGATCTAACTTTGTC-1,1
TTGATGCCGCTCGTCG-1,2
TTGATGTGTAGTCCCG-1,1
TTGATTAGCTGTTTCT-1,1
TTGATTATGCAGATGA-1,3
TTGCAAGAAGACTCCT-1,5
TTGCACAATTCAGAAA-1,1
TTGCACGGAGCAGCAC-1,1
TTGCAGGTCATGAAGT-1,2
TTGCATGCTGATCACG-1,1
TTGCCAAGCAGAACCC-1,1
TTGCCATAGCCCGCTC-1,2
TTGCCCTGATCACGGG-1,1
TTGCCGCAGACCTACA-1,2
TTGCCGCTTTCTAGTA-1,3
TTGCCGGTGATCCCTC-1,1
TTGCCTAATCCAAAGT-1,2
TTGCCTTCTCGCCGGG-1,1
TTGCGCACAACCACGT-1,3
TTGCGCTCTCTCGCTT-1,1
TTGCGCTTGATCAATA-1,1
TTGCGGAAAGCTGCCC-1,1
TTGCGGCATCAGAAAG-1,1
TTGCGGCGACTCATGC-1,1
TTGCGTAGTTTGAGGA-1,2
TTGCGTCGGCCAACCG-1,2
TTGCGTGAACGCTTAG-1,1
TTGCGTGTGTAGGCAT-1,1
TTGCTAGCTACCAATC-1,2
TTGCTCATAGTACGTG-1,1
TTGCTCCCATACCGGA-1,1
TTGCTGAAGGAACCAC-1,1
TTGCTGATCATGTTCG-1,1
TTGCTGCACCTATCCA-1,2
TTGCTGGCCGGGCTTC-1,1
TTGGAAGAATACAGTC-1,6
TTGGACATGTGGCTTA-1,4
TTGGACCATCTGGCAA-1,1
TTGGACCTATAACAGT-1,3
TTGGAGTCTCCCTTCT-1,3
TTGGATATCGTCTACG-1,1
TTGGATCGACTTCTGG-1,1
TTGGATTGGGTACCAC-1,1
TTGGCCAAATTGTATC-1,1
TTGGCCATCTTGCGCT-1,6
TTGGCCTAGAATTTCG-1,1
TTGGCGATCCGAATAT-1,1
TTGGCTCAATATGTGT-1,3
TTGGCTCGCATGAGAC-1,3
TTGGGAAGACGAGCCG-1,5
TTGGGACACTGCCCGC-1,3
TTGGGACGTAAGAGTT-1,1
TTGGGCGGCGGTTGCC-1,1
TTGGGTTTATTCAGCG-1,2
TTGGTATGGCTTGTGT-1,1
TTGGTCACACTCGTAA-1,1
TTGGTGCGGTGTTGAA-1,2
TTGGTTCGCTCAAAGG-1,3
TTGGTTGCGGTGCGCG-1,6
TTGTAACTTCATAGCG-1,2
TTGTAAGGACCTAAGT-1,1
TTGTAAGGCCAGTTGG-1,3
TTGTAATCCGTACTCG-1,1
TTGTACACCTCGAACA-1,4
TTGTATCACACAGAAT-1,1
TTGTCACCGCGGTATC-1,4
TTGTCGTTCAGTTACC-1,1
TTGTCTCGGCAAGATG-1,1
TTGTGAACCTAATCCG-1,3
TTGTGAGGCATGACGC-1,4
TTGTGATCTGTTCAGT-1,1
TTGTGCAGCCACGTCA-1,3
TTGTGCGGAAGCGGAT-1,4
TTGTGGAGACAGCCGG-1,4
TTGTGGCCCTGACAGT-1,1
TTGTGGTAGGAGGGAT-1,2
TTGTGGTATAGGTATG-1,2
TTGTGGTGGTACTAAG-1,3
TTGTGTATGCCACCAA-1,1
TTGTGTTTCCCGAAAG-1,1
TTGTTAGCAAATTCGA-1,3
TTGTTCAGTGTGCTAC-1,3
TTGTTCTAGATACGCT-1,2
TTGTTGGCAATGACTG-1,4
TTGTTGTGTGTCAAGA-1,3
TTGTTTCACATCCAGG-1,3
TTGTTTCATTAGTCTA-1,2
TTGTTTCCATACAACT-1,2
TTGTTTGTATTACACG-1,1
TTGTTTGTGTAAATTC-1,1
