"gene_id","gene_name","gene_type","avg_rank"
"ENSG00000197971","MBP","protein_coding",1.75
"ENSG00000123560","PLP1","protein_coding",2.75
"ENSG00000131095","GFAP","protein_coding",4.25
"ENSG00000269028","MTRNR2L12","protein_coding",5.5
"ENSG00000118271","TTR","protein_coding",8.75
"ENSG00000132639","SNAP25","protein_coding",10.75
"ENSG00000104888","SLC17A7","protein_coding",12.375
"ENSG00000154277","UCHL1","protein_coding",15.5
"ENSG00000221890","NPTXR","protein_coding",17.875
"ENSG00000154096","THY1","protein_coding",19.25
"ENSG00000121905","HPCA","protein_coding",19.75
"ENSG00000171617","ENC1","protein_coding",20.5
"ENSG00000171246","NPTX1","protein_coding",22
"ENSG00000128656","CHN1","protein_coding",28
"ENSG00000154146","NRGN","protein_coding",29.375
"ENSG00000128245","YWHAH","protein_coding",32
"ENSG00000130558","OLFM1","protein_coding",33.625
"ENSG00000053438","NNAT","protein_coding",35.375
"ENSG00000020129","NCDN","protein_coding",38.375
"ENSG00000109846","CRYAB","protein_coding",40.25
"ENSG00000137267","TUBB2A","protein_coding",43.125
"ENSG00000123416","TUBA1B","protein_coding",44.125
"ENSG00000107317","PTGDS","protein_coding",44.625
"ENSG00000157152","SYN2","protein_coding",44.875
"ENSG00000160014","CALM3","protein_coding",45.5
"ENSG00000073969","NSF","protein_coding",46.125
"ENSG00000166257","SCN3B","protein_coding",46.625
"ENSG00000143153","ATP1B1","protein_coding",47.5
"ENSG00000168314","MOBP","protein_coding",48.5
"ENSG00000101439","CST3","protein_coding",49.75
"ENSG00000104435","STMN2","protein_coding",54.75
"ENSG00000171159","C9orf16","protein_coding",55
"ENSG00000173786","CNP","protein_coding",55
"ENSG00000067715","SYT1","protein_coding",55.125
"ENSG00000277586","NEFL","protein_coding",57.625
"ENSG00000170027","YWHAG","protein_coding",58.125
"ENSG00000008056","SYN1","protein_coding",58.125
"ENSG00000164924","YWHAZ","protein_coding",60.75
"ENSG00000106976","DNM1","protein_coding",63.25
"ENSG00000113140","SPARC","protein_coding",69.375
"ENSG00000168490","PHYHIP","protein_coding",69.75
"ENSG00000105696","TMEM59L","protein_coding",70.25
"ENSG00000058404","CAMK2B","protein_coding",73.375
"ENSG00000176788","BASP1","protein_coding",80.875
"ENSG00000176956","LY6H","protein_coding",81.25
"ENSG00000050165","DKK3","protein_coding",83.125
"ENSG00000105568","PPP2R1A","protein_coding",89.125
"ENSG00000089199","CHGB","protein_coding",89.75
"ENSG00000255823","MTRNR2L8","protein_coding",90.375
"ENSG00000102003","SYP","protein_coding",106.375
"ENSG00000198668","CALM1","protein_coding",107.75
"ENSG00000125814","NAPB","protein_coding",108
"ENSG00000184613","NELL2","protein_coding",111.5
"ENSG00000214548","MEG3","lncRNA",111.75
"ENSG00000152377","SPOCK1","protein_coding",112
"ENSG00000139970","RTN1","protein_coding",113.125
"ENSG00000134982","APC","protein_coding",115
"ENSG00000187094","CCK","protein_coding",115.625
"ENSG00000175874","CREG2","protein_coding",117.125
"ENSG00000175352","NRIP3","protein_coding",120.25
"ENSG00000162188","GNG3","protein_coding",121.5
"ENSG00000080824","HSP90AA1","protein_coding",123.25
"ENSG00000126583","PRKCG","protein_coding",124.375
"ENSG00000171476","HOPX","protein_coding",125.375
"ENSG00000105409","ATP1A3","protein_coding",126.875
"ENSG00000136854","STXBP1","protein_coding",127
"ENSG00000143013","LMO4","protein_coding",127.125
"ENSG00000185883","ATP6V0C","protein_coding",129
"ENSG00000126214","KLC1","protein_coding",129.375
"ENSG00000087250","MT3","protein_coding",131.25
"ENSG00000074317","SNCB","protein_coding",131.375
"ENSG00000244274","DBNDD2","protein_coding",134.125
"ENSG00000163399","ATP1A1","protein_coding",135.125
"ENSG00000143933","CALM2","protein_coding",136.625
"ENSG00000105649","RAB3A","protein_coding",138.875
"ENSG00000105223","PLD3","protein_coding",140.75
"ENSG00000005486","RHBDD2","protein_coding",142.875
"ENSG00000197756","RPL37A","protein_coding",145
"ENSG00000103034","NDRG4","protein_coding",145.375
"ENSG00000054356","PTPRN","protein_coding",148.875
"ENSG00000156298","TSPAN7","protein_coding",150.625
"ENSG00000170091","NSG2","protein_coding",153.125
"ENSG00000088832","FKBP1A","protein_coding",154.125
"ENSG00000185518","SV2B","protein_coding",154.375
"ENSG00000133318","RTN3","protein_coding",159.75
"ENSG00000078053","AMPH","protein_coding",160.375
"ENSG00000160307","S100B","protein_coding",162.5
"ENSG00000187122","SLIT1","protein_coding",165.5
"ENSG00000132872","SYT4","protein_coding",165.5
"ENSG00000167996","FTH1","protein_coding",166.875
"ENSG00000108960","MMD","protein_coding",168.25
"ENSG00000078018","MAP2","protein_coding",169.875
"ENSG00000096384","HSP90AB1","protein_coding",170.875
"ENSG00000110436","SLC1A2","protein_coding",172.75
"ENSG00000171885","AQP4","protein_coding",175
"ENSG00000138814","PPP3CA","protein_coding",175.375
"ENSG00000099194","SCD","protein_coding",175.375
"ENSG00000105520","PLPPR2","protein_coding",177.875
"ENSG00000101210","EEF1A2","protein_coding",178
"ENSG00000177954","RPS27","protein_coding",178.625
"ENSG00000131711","MAP1B","protein_coding",179.375
"ENSG00000145920","CPLX2","protein_coding",179.625
"ENSG00000166448","TMEM130","protein_coding",179.625
"ENSG00000010404","IDS","protein_coding",179.625
"ENSG00000163630","SYNPR","protein_coding",182.125
"ENSG00000169032","MAP2K1","protein_coding",184
"ENSG00000075624","ACTB","protein_coding",184.375
"ENSG00000120899","PTK2B","protein_coding",184.5
"ENSG00000205542","TMSB4X","protein_coding",184.875
"ENSG00000176884","GRIN1","protein_coding",187.25
"ENSG00000156508","EEF1A1","protein_coding",188.25
"ENSG00000107758","PPP3CB","protein_coding",189.125
"ENSG00000120885","CLU","protein_coding",189.625
"ENSG00000174871","CNIH2","protein_coding",189.875
"ENSG00000112290","WASF1","protein_coding",191.25
"ENSG00000189058","APOD","protein_coding",193.625
"ENSG00000034510","TMSB10","protein_coding",194.375
"ENSG00000112306","RPS12","protein_coding",195.25
"ENSG00000014641","MDH1","protein_coding",197.125
"ENSG00000174684","B4GAT1","protein_coding",197.125
"ENSG00000145592","RPL37","protein_coding",200.5
"ENSG00000189043","NDUFA4","protein_coding",201.5
"ENSG00000169783","LINGO1","protein_coding",205.125
"ENSG00000100030","MAPK1","protein_coding",209.25
"ENSG00000180155","LYNX1","protein_coding",209.375
"ENSG00000150625","GPM6A","protein_coding",211
"ENSG00000128739","SNRPN","protein_coding",211
"ENSG00000133872","SARAF","protein_coding",211.25
"ENSG00000161203","AP2M1","protein_coding",213.75
"ENSG00000106236","NPTX2","protein_coding",215.5
"ENSG00000145335","SNCA","protein_coding",215.75
"ENSG00000166913","YWHAB","protein_coding",218
"ENSG00000164076","CAMKV","protein_coding",218.375
"ENSG00000188191","PRKAR1B","protein_coding",219.125
"ENSG00000229117","RPL41","protein_coding",221.25
"ENSG00000160932","LY6E","protein_coding",224.25
"ENSG00000111669","TPI1","protein_coding",226.375
"ENSG00000156642","NPTN","protein_coding",226.625
"ENSG00000172757","CFL1","protein_coding",227.75
"ENSG00000189241","TSPYL1","protein_coding",229.625
"ENSG00000111640","GAPDH","protein_coding",230.25
"ENSG00000171130","ATP6V0E2","protein_coding",232.75
"ENSG00000213741","RPS29","protein_coding",236.125
"ENSG00000154917","RAB6B","protein_coding",238.625
"ENSG00000147416","ATP6V1B2","protein_coding",238.875
"ENSG00000107295","SH3GL2","protein_coding",240.5
"ENSG00000127824","TUBA4A","protein_coding",242.25
"ENSG00000130643","CALY","protein_coding",243.875
"ENSG00000197457","STMN3","protein_coding",245.5
"ENSG00000018236","CNTN1","protein_coding",245.75
"ENSG00000260032","NORAD","lncRNA",247.5
"ENSG00000172020","GAP43","protein_coding",248.375
"ENSG00000047249","ATP6V1H","protein_coding",251.25
"ENSG00000120251","GRIA2","protein_coding",251.5
"ENSG00000133169","BEX1","protein_coding",252.375
"ENSG00000258947","TUBB3","protein_coding",252.75
"ENSG00000019505","SYT13","protein_coding",253.125
"ENSG00000203879","GDI1","protein_coding",253.125
"ENSG00000111674","ENO2","protein_coding",254.25
"ENSG00000087460","GNAS","protein_coding",256
"ENSG00000167552","TUBA1A","protein_coding",256.625
"ENSG00000171314","PGAM1","protein_coding",256.875
"ENSG00000154027","AK5","protein_coding",257
"ENSG00000070808","CAMK2A","protein_coding",257.75
"ENSG00000137409","MTCH1","protein_coding",259.75
"ENSG00000105376","ICAM5","protein_coding",260.75
"ENSG00000112309","B3GAT2","protein_coding",263.625
"ENSG00000164061","BSN","protein_coding",265.75
"ENSG00000109475","RPL34","protein_coding",267.5
"ENSG00000159720","ATP6V0D1","protein_coding",268
"ENSG00000158258","CLSTN2","protein_coding",268.5
"ENSG00000100884","CPNE6","protein_coding",268.625
"ENSG00000171867","PRNP","protein_coding",271
"ENSG00000104722","NEFM","protein_coding",271.875
"ENSG00000171532","NEUROD2","protein_coding",273.625
"ENSG00000220205","VAMP2","protein_coding",275.625
"ENSG00000155511","GRIA1","protein_coding",279.5
"ENSG00000131507","NDFIP1","protein_coding",284.5
"ENSG00000213190","MLLT11","protein_coding",285.125
"ENSG00000169085","VXN","protein_coding",287
"ENSG00000163032","VSNL1","protein_coding",288.375
"ENSG00000065609","SNAP91","protein_coding",288.5
"ENSG00000116675","DNAJC6","protein_coding",290
"ENSG00000198825","INPP5F","protein_coding",290.125
"ENSG00000116133","DHCR24","protein_coding",290.375
"ENSG00000138078","PREPL","protein_coding",290.5
"ENSG00000100321","SYNGR1","protein_coding",291.25
"ENSG00000104490","NCALD","protein_coding",292.5
"ENSG00000171603","CLSTN1","protein_coding",292.625
"ENSG00000104904","OAZ1","protein_coding",294.125
"ENSG00000109472","CPE","protein_coding",295.875
"ENSG00000183715","OPCML","protein_coding",296.5
"ENSG00000070961","ATP2B1","protein_coding",299.75
"ENSG00000152583","SPARCL1","protein_coding",299.875
"ENSG00000117600","PLPPR4","protein_coding",300.375
"ENSG00000157404","KIT","protein_coding",300.5
"ENSG00000136156","ITM2B","protein_coding",300.625
"ENSG00000166780","BMERB1","protein_coding",304.125
"ENSG00000137818","RPLP1","protein_coding",304.875
"ENSG00000166681","BEX3","protein_coding",307
"ENSG00000175182","FAM131A","protein_coding",315.875
"ENSG00000105402","NAPA","protein_coding",318.25
"ENSG00000130203","APOE","protein_coding",318.375
"ENSG00000118160","SLC8A2","protein_coding",320.25
"ENSG00000185274","GALNT17","protein_coding",320.625
"ENSG00000121753","ADGRB2","protein_coding",323.75
"ENSG00000117410","ATP6V0B","protein_coding",323.75
"ENSG00000078328","RBFOX1","protein_coding",329.5
"ENSG00000133134","BEX2","protein_coding",331
"ENSG00000112186","CAP2","protein_coding",331.625
"ENSG00000166922","SCG5","protein_coding",333
"ENSG00000104833","TUBB4A","protein_coding",337.375
"ENSG00000155980","KIF5A","protein_coding",338.75
"ENSG00000168000","BSCL2","protein_coding",340.5
"ENSG00000116106","EPHA4","protein_coding",342.5
"ENSG00000196262","PPIA","protein_coding",343.25
"ENSG00000120049","KCNIP2","protein_coding",344.375
"ENSG00000114573","ATP6V1A","protein_coding",346.875
"ENSG00000186297","GABRA5","protein_coding",346.875
"ENSG00000134287","ARF3","protein_coding",347.125
"ENSG00000167815","PRDX2","protein_coding",347.125
"ENSG00000112531","QKI","protein_coding",348.125
"ENSG00000171132","PRKCE","protein_coding",348.25
"ENSG00000136099","PCDH8","protein_coding",349.5
"ENSG00000162545","CAMK2N1","protein_coding",352.25
"ENSG00000070087","PFN2","protein_coding",352.875
"ENSG00000124785","NRN1","protein_coding",353.125
"ENSG00000105220","GPI","protein_coding",353.75
"ENSG00000109466","KLHL2","protein_coding",355.75
"ENSG00000178531","CTXN1","protein_coding",356.375
"ENSG00000272398","CD24","protein_coding",356.5
"ENSG00000084731","KIF3C","protein_coding",358.5
"ENSG00000154229","PRKCA","protein_coding",360.125
"ENSG00000165434","PGM2L1","protein_coding",360.375
"ENSG00000164919","COX6C","protein_coding",360.625
"ENSG00000185052","SLC24A3","protein_coding",361.125
"ENSG00000166963","MAP1A","protein_coding",362
"ENSG00000109107","ALDOC","protein_coding",362.125
"ENSG00000144834","TAGLN3","protein_coding",362.5
"ENSG00000139220","PPFIA2","protein_coding",362.625
"ENSG00000175264","CHST1","protein_coding",363.625
"ENSG00000101856","PGRMC1","protein_coding",365.125
"ENSG00000132821","VSTM2L","protein_coding",366.5
"ENSG00000130540","SULT4A1","protein_coding",367.125
"ENSG00000152932","RAB3C","protein_coding",369.375
"ENSG00000110955","ATP5F1B","protein_coding",370.375
"ENSG00000167191","GPRC5B","protein_coding",371.25
"ENSG00000099308","MAST3","protein_coding",371.375
"ENSG00000165943","MOAP1","protein_coding",372.5
"ENSG00000067225","PKM","protein_coding",373.5
"ENSG00000159335","PTMS","protein_coding",375.125
"ENSG00000156482","RPL30","protein_coding",379
"ENSG00000069424","KCNAB2","protein_coding",379.25
"ENSG00000286214","AUXG01000058.1","lncRNA",382.5
"ENSG00000186468","RPS23","protein_coding",384.875
"ENSG00000078902","TOLLIP","protein_coding",385.125
"ENSG00000184524","CEND1","protein_coding",386.75
"ENSG00000197586","ENTPD6","protein_coding",388.5
"ENSG00000087258","GNAO1","protein_coding",389.25
"ENSG00000251562","MALAT1","lncRNA",389.75
"ENSG00000059915","PSD","protein_coding",391.125
"ENSG00000159164","SV2A","protein_coding",392.75
"ENSG00000179456","ZBTB18","protein_coding",393.375
"ENSG00000143761","ARF1","protein_coding",395
"ENSG00000161970","RPL26","protein_coding",396.25
"ENSG00000175866","BAIAP2","protein_coding",399.625
"ENSG00000034053","APBA2","protein_coding",401.5
"ENSG00000100095","SEZ6L","protein_coding",402.875
"ENSG00000105887","MTPN","protein_coding",403.25
"ENSG00000198794","SCAMP5","protein_coding",406.75
"ENSG00000133083","DCLK1","protein_coding",408.375
"ENSG00000136531","SCN2A","protein_coding",409.625
"ENSG00000122026","RPL21","protein_coding",411.375
"ENSG00000174938","SEZ6L2","protein_coding",415.625
"ENSG00000215218","UBE2QL1","protein_coding",416.125
"ENSG00000186642","PDE2A","protein_coding",419.125
"ENSG00000224078","SNHG14","lncRNA",419.5
"ENSG00000102109","PCSK1N","protein_coding",420.75
"ENSG00000176749","CDK5R1","protein_coding",421.5
"ENSG00000108309","RUNDC3A","protein_coding",422.375
"ENSG00000158560","DYNC1I1","protein_coding",427.5
"ENSG00000133112","TPT1","protein_coding",428.625
"ENSG00000087086","FTL","protein_coding",430.375
"ENSG00000142408","CACNG8","protein_coding",430.75
"ENSG00000075945","KIFAP3","protein_coding",431.375
"ENSG00000159082","SYNJ1","protein_coding",432
"ENSG00000186260","MRTFB","protein_coding",437.625
"ENSG00000008735","MAPK8IP2","protein_coding",445.25
"ENSG00000158747","NBL1","protein_coding",447.125
"ENSG00000174437","ATP2A2","protein_coding",447.375
"ENSG00000188229","TUBB4B","protein_coding",453
"ENSG00000175130","MARCKSL1","protein_coding",455.25
"ENSG00000142192","APP","protein_coding",458.125
"ENSG00000055163","CYFIP2","protein_coding",458.75
"ENSG00000147403","RPL10","protein_coding",459
"ENSG00000115310","RTN4","protein_coding",460.5
"ENSG00000166206","GABRB3","protein_coding",460.75
"ENSG00000240972","MIF","protein_coding",460.875
"ENSG00000186469","GNG2","protein_coding",461.25
"ENSG00000105290","APLP1","protein_coding",461.25
"ENSG00000204314","PRRT1","protein_coding",461.625
"ENSG00000061676","NCKAP1","protein_coding",463.125
"ENSG00000135821","GLUL","protein_coding",464.5
"ENSG00000197746","PSAP","protein_coding",465.25
"ENSG00000108797","CNTNAP1","protein_coding",471.375
"ENSG00000156515","HK1","protein_coding",472.625
"ENSG00000177511","ST8SIA3","protein_coding",475.375
"ENSG00000131100","ATP6V1E1","protein_coding",476.125
"ENSG00000107130","NCS1","protein_coding",476.75
"ENSG00000179222","MAGED1","protein_coding",476.875
"ENSG00000170315","UBB","protein_coding",478.25
"ENSG00000116983","HPCAL4","protein_coding",478.75
"ENSG00000144713","RPL32","protein_coding",479.375
"ENSG00000153130","SCOC","protein_coding",481.875
"ENSG00000203930","LINC00632","lncRNA",483
"ENSG00000164176","EDIL3","protein_coding",483.625
"ENSG00000125505","MBOAT7","protein_coding",484
"ENSG00000130294","KIF1A","protein_coding",485.5
"ENSG00000112972","HMGCS1","protein_coding",485.625
"ENSG00000178980","SELENOW","protein_coding",486.5
"ENSG00000072832","CRMP1","protein_coding",490.75
"ENSG00000198689","SLC9A6","protein_coding",492.125
"ENSG00000240694","PNMA2","protein_coding",492.25
"ENSG00000124140","SLC12A5","protein_coding",496.625
"ENSG00000165678","GHITM","protein_coding",496.875
"ENSG00000137154","RPS6","protein_coding",498
"ENSG00000143502","SUSD4","protein_coding",501.5
"ENSG00000109971","HSPA8","protein_coding",502.125
"ENSG00000084764","MAPRE3","protein_coding",506.625
"ENSG00000132640","BTBD3","protein_coding",507.625
"ENSG00000092096","SLC22A17","protein_coding",508.75
"ENSG00000026025","VIM","protein_coding",510
"ENSG00000033627","ATP6V0A1","protein_coding",510.25
"ENSG00000126709","IFI6","protein_coding",510.75
"ENSG00000197043","ANXA6","protein_coding",511.25
"ENSG00000125148","MT2A","protein_coding",511.25
"ENSG00000135472","FAIM2","protein_coding",511.5
"ENSG00000156011","PSD3","protein_coding",511.75
"ENSG00000102804","TSC22D1","protein_coding",511.75
"ENSG00000138757","G3BP2","protein_coding",512.25
"ENSG00000143947","RPS27A","protein_coding",512.5
"ENSG00000088986","DYNLL1","protein_coding",516.125
"ENSG00000120694","HSPH1","protein_coding",516.625
"ENSG00000181418","DDN","protein_coding",519
"ENSG00000113387","SUB1","protein_coding",519.875
"ENSG00000168159","RNF187","protein_coding",520
"ENSG00000213760","ATP6V1G2","protein_coding",521
"ENSG00000166710","B2M","protein_coding",521.375
"ENSG00000139112","GABARAPL1","protein_coding",522.625
"ENSG00000182013","PNMA8A","protein_coding",526.75
"ENSG00000134243","SORT1","protein_coding",529.75
"ENSG00000231500","RPS18","protein_coding",531.75
"ENSG00000124422","USP22","protein_coding",533.75
"ENSG00000187514","PTMA","protein_coding",534.5
"ENSG00000013016","EHD3","protein_coding",535.25
"ENSG00000105737","GRIK5","protein_coding",535.5
"ENSG00000163618","CADPS","protein_coding",535.625
"ENSG00000166619","BLCAP","protein_coding",537.125
"ENSG00000100167","SEPTIN3","protein_coding",537.75
"ENSG00000127184","COX7C","protein_coding",538.25
"ENSG00000105270","CLIP3","protein_coding",541.5
"ENSG00000101489","CELF4","protein_coding",543.75
"ENSG00000142541","RPL13A","protein_coding",544.625
"ENSG00000233927","RPS28","protein_coding",545
"ENSG00000119865","CNRIP1","protein_coding",548
"ENSG00000221823","PPP3R1","protein_coding",548.5
"ENSG00000138834","MAPK8IP3","protein_coding",549.375
"ENSG00000177614","PGBD5","protein_coding",550.25
"ENSG00000127585","FBXL16","protein_coding",551.75
"ENSG00000152332","UHMK1","protein_coding",553.25
"ENSG00000100997","ABHD12","protein_coding",553.875
"ENSG00000113161","HMGCR","protein_coding",554.75
"ENSG00000115419","GLS","protein_coding",556.875
"ENSG00000138326","RPS24","protein_coding",561.125
"ENSG00000149970","CNKSR2","protein_coding",566.875
"ENSG00000143126","CELSR2","protein_coding",567
"ENSG00000149091","DGKZ","protein_coding",568.375
"ENSG00000166165","CKB","protein_coding",570.875
"ENSG00000123091","RNF11","protein_coding",572
"ENSG00000184009","ACTG1","protein_coding",573.25
"ENSG00000129636","ITFG1","protein_coding",577.75
"ENSG00000152661","GJA1","protein_coding",578.75
"ENSG00000148671","ADIRF","protein_coding",579.375
"ENSG00000127445","PIN1","protein_coding",580.25
"ENSG00000108953","YWHAE","protein_coding",580.625
"ENSG00000125868","DSTN","protein_coding",584.125
"ENSG00000067057","PFKP","protein_coding",586
"ENSG00000104093","DMXL2","protein_coding",589
"ENSG00000173660","UQCRH","protein_coding",590.25
"ENSG00000169567","HINT1","protein_coding",590.25
"ENSG00000142676","RPL11","protein_coding",592.125
"ENSG00000130226","DPP6","protein_coding",593.125
"ENSG00000141367","CLTC","protein_coding",598.5
"ENSG00000118181","RPS25","protein_coding",599.75
"ENSG00000107281","NPDC1","protein_coding",601.75
"ENSG00000167526","RPL13","protein_coding",601.75
"ENSG00000171858","RPS21","protein_coding",602.375
"ENSG00000015592","STMN4","protein_coding",604.25
"ENSG00000101460","MAP1LC3A","protein_coding",604.5
"ENSG00000162706","CADM3","protein_coding",604.875
"ENSG00000165023","DIRAS2","protein_coding",605.125
"ENSG00000173915","ATP5MD","protein_coding",605.125
"ENSG00000136928","GABBR2","protein_coding",606.125
"ENSG00000089220","PEBP1","protein_coding",607
"ENSG00000177432","NAP1L5","protein_coding",609.25
"ENSG00000142168","SOD1","protein_coding",609.5
"ENSG00000156411","ATP5MPL","protein_coding",611.625
"ENSG00000132824","SERINC3","protein_coding",614.75
"ENSG00000171450","CDK5R2","protein_coding",619.625
"ENSG00000198242","RPL23A","protein_coding",620.75
"ENSG00000046653","GPM6B","protein_coding",622.125
"ENSG00000167778","SPRYD3","protein_coding",622.625
"ENSG00000131089","ARHGEF9","protein_coding",624.5
"ENSG00000059804","SLC2A3","protein_coding",625.375
"ENSG00000125462","C1orf61","protein_coding",625.5
"ENSG00000115977","AAK1","protein_coding",626.75
"ENSG00000130770","ATP5IF1","protein_coding",628
"ENSG00000156976","EIF4A2","protein_coding",628.5
"ENSG00000165795","NDRG2","protein_coding",630.25
"ENSG00000172428","COPS9","protein_coding",631.875
"ENSG00000108298","RPL19","protein_coding",632.75
"ENSG00000145425","RPS3A","protein_coding",633.125
"ENSG00000142937","RPS8","protein_coding",634
"ENSG00000092964","DPYSL2","protein_coding",634.625
"ENSG00000169020","ATP5ME","protein_coding",635.375
"ENSG00000198961","PJA2","protein_coding",636.125
"ENSG00000109180","OCIAD1","protein_coding",636.75
"ENSG00000166313","APBB1","protein_coding",638.625
"ENSG00000196230","TUBB","protein_coding",639.5
"ENSG00000110700","RPS13","protein_coding",639.875
"ENSG00000172809","RPL38","protein_coding",639.875
"ENSG00000241973","PI4KA","protein_coding",640.375
"ENSG00000110514","MADD","protein_coding",641.625
"ENSG00000006210","CX3CL1","protein_coding",641.875
"ENSG00000106615","RHEB","protein_coding",653.125
"ENSG00000265681","RPL17","protein_coding",654.125
"ENSG00000137726","FXYD6","protein_coding",654.625
"ENSG00000198216","CACNA1E","protein_coding",659.5
"ENSG00000115762","PLEKHB2","protein_coding",666.25
"ENSG00000145362","ANK2","protein_coding",668.125
"ENSG00000180354","MTURN","protein_coding",669
"ENSG00000131437","KIF3A","protein_coding",671.875
"ENSG00000165802","NSMF","protein_coding",673.375
"ENSG00000149557","FEZ1","protein_coding",673.5
"ENSG00000124172","ATP5F1E","protein_coding",674.625
"ENSG00000130638","ATXN10","protein_coding",676.375
"ENSG00000101474","APMAP","protein_coding",679.375
"ENSG00000119900","OGFRL1","protein_coding",679.625
"ENSG00000242265","PEG10","protein_coding",680
"ENSG00000115268","RPS15","protein_coding",680.875
"ENSG00000006125","AP2B1","protein_coding",682
"ENSG00000108107","RPL28","protein_coding",687.625
"ENSG00000170579","DLGAP1","protein_coding",688.25
"ENSG00000113575","PPP2CA","protein_coding",688.375
"ENSG00000172270","BSG","protein_coding",689.75
"ENSG00000101079","NDRG3","protein_coding",690.25
"ENSG00000134590","RTL8C","protein_coding",691.75
"ENSG00000130477","UNC13A","protein_coding",692.125
"ENSG00000042753","AP2S1","protein_coding",693.5
"ENSG00000155368","DBI","protein_coding",695
"ENSG00000074800","ENO1","protein_coding",695.125
"ENSG00000186472","PCLO","protein_coding",695.25
"ENSG00000163682","RPL9","protein_coding",699.75
"ENSG00000178719","GRINA","protein_coding",701.25
"ENSG00000113558","SKP1","protein_coding",702.625
"ENSG00000084710","EFR3B","protein_coding",708.25
"ENSG00000213585","VDAC1","protein_coding",709
"ENSG00000174444","RPL4","protein_coding",711.75
"ENSG00000176871","WSB2","protein_coding",712.625
"ENSG00000091129","NRCAM","protein_coding",712.75
"ENSG00000184076","UQCR10","protein_coding",713.125
"ENSG00000048740","CELF2","protein_coding",714.375
"ENSG00000184900","SUMO3","protein_coding",718.375
"ENSG00000149806","FAU","protein_coding",723.5
"ENSG00000111775","COX6A1","protein_coding",724.875
"ENSG00000154518","ATP5MC3","protein_coding",731.375
"ENSG00000241343","RPL36A","protein_coding",736.25
"ENSG00000152234","ATP5F1A","protein_coding",738.75
"ENSG00000175602","CCDC85B","protein_coding",740.25
"ENSG00000126351","THRA","protein_coding",742.125
"ENSG00000185742","C11orf87","protein_coding",743.5
"ENSG00000135916","ITM2C","protein_coding",744
"ENSG00000164405","UQCRQ","protein_coding",746.25
"ENSG00000182220","ATP6AP2","protein_coding",746.25
"ENSG00000079215","SLC1A3","protein_coding",746.875
"ENSG00000153820","SPHKAP","protein_coding",747.75
"ENSG00000123562","MORF4L2","protein_coding",748
"ENSG00000117632","STMN1","protein_coding",749.75
"ENSG00000135744","AGT","protein_coding",749.75
"ENSG00000133612","AGAP3","protein_coding",753
"ENSG00000054793","ATP9A","protein_coding",753
"ENSG00000104964","TLE5","protein_coding",753.375
"ENSG00000150991","UBC","protein_coding",754.375
"ENSG00000102144","PGK1","protein_coding",756.75
"ENSG00000198898","CAPZA2","protein_coding",757.125
"ENSG00000118680","MYL12B","protein_coding",760.875
"ENSG00000164587","RPS14","protein_coding",763.5
"ENSG00000198918","RPL39","protein_coding",765.625
"ENSG00000170540","ARL6IP1","protein_coding",768.125
"ENSG00000114631","PODXL2","protein_coding",770.625
"ENSG00000111897","SERINC1","protein_coding",771.625
"ENSG00000198053","SIRPA","protein_coding",775
"ENSG00000089693","MLF2","protein_coding",777.5
"ENSG00000132471","WBP2","protein_coding",779.875
"ENSG00000105372","RPS19","protein_coding",784.875
"ENSG00000112695","COX7A2","protein_coding",788.125
"ENSG00000007168","PAFAH1B1","protein_coding",792.625
"ENSG00000197958","RPL12","protein_coding",799.75
"ENSG00000105193","RPS16","protein_coding",800.375
"ENSG00000204843","DCTN1","protein_coding",801.25
"ENSG00000074211","PPP2R2C","protein_coding",802.125
"ENSG00000101152","DNAJC5","protein_coding",809.375
"ENSG00000144567","RETREG2","protein_coding",809.5
"ENSG00000175416","CLTB","protein_coding",810.625
"ENSG00000198258","UBL5","protein_coding",811.875
"ENSG00000163453","IGFBP7","protein_coding",812.75
"ENSG00000117984","CTSD","protein_coding",814.5
"ENSG00000148053","NTRK2","protein_coding",819.125
"ENSG00000164687","FABP5","protein_coding",821.25
"ENSG00000116254","CHD5","protein_coding",822.375
"ENSG00000197045","GMFB","protein_coding",822.5
"ENSG00000186868","MAPT","protein_coding",825
"ENSG00000110651","CD81","protein_coding",825.25
"ENSG00000104388","RAB2A","protein_coding",825.625
"ENSG00000173726","TOMM20","protein_coding",831.375
"ENSG00000120265","PCMT1","protein_coding",832.625
"ENSG00000085832","EPS15","protein_coding",834.75
"ENSG00000129682","FGF13","protein_coding",835.75
"ENSG00000182768","NGRN","protein_coding",841.625
"ENSG00000177600","RPLP2","protein_coding",843.25
"ENSG00000127540","UQCR11","protein_coding",843.375
"ENSG00000197102","DYNC1H1","protein_coding",845
"ENSG00000129625","REEP5","protein_coding",845.125
"ENSG00000197694","SPTAN1","protein_coding",848.5
"ENSG00000131143","COX4I1","protein_coding",850.75
"ENSG00000184602","SNN","protein_coding",852.375
"ENSG00000107372","ZFAND5","protein_coding",854.875
"ENSG00000134308","YWHAQ","protein_coding",859.75
"ENSG00000107742","SPOCK2","protein_coding",860.75
"ENSG00000105640","RPL18A","protein_coding",862.875
"ENSG00000102409","BEX4","protein_coding",863.5
"ENSG00000172354","GNB2","protein_coding",864
"ENSG00000089486","CDIP1","protein_coding",866.375
"ENSG00000162734","PEA15","protein_coding",867.625
"ENSG00000134419","RPS15A","protein_coding",869.125
"ENSG00000084234","APLP2","protein_coding",869.625
"ENSG00000134375","TIMM17A","protein_coding",872.625
"ENSG00000219200","RNASEK","protein_coding",875.25
"ENSG00000124406","ATP8A1","protein_coding",878.125
"ENSG00000168653","NDUFS5","protein_coding",878.5
"ENSG00000183648","NDUFB1","protein_coding",882
"ENSG00000198408","OGA","protein_coding",886.375
"ENSG00000198911","SREBF2","protein_coding",886.875
"ENSG00000146701","MDH2","protein_coding",887
"ENSG00000128609","NDUFA5","protein_coding",888.625
"ENSG00000185787","MORF4L1","protein_coding",889.125
"ENSG00000128989","ARPP19","protein_coding",889.25
"ENSG00000169715","MT1E","protein_coding",889.25
"ENSG00000099624","ATP5F1D","protein_coding",891.5
"ENSG00000182670","TTC3","protein_coding",894.875
"ENSG00000179915","NRXN1","protein_coding",899.375
"ENSG00000145284","SCD5","protein_coding",899.5
"ENSG00000137575","SDCBP","protein_coding",906.75
"ENSG00000108946","PRKAR1A","protein_coding",906.75
"ENSG00000078369","GNB1","protein_coding",909.375
"ENSG00000170889","RPS9","protein_coding",909.75
"ENSG00000109339","MAPK10","protein_coding",911.75
"ENSG00000241468","ATP5MF","protein_coding",912.125
"ENSG00000142875","PRKACB","protein_coding",916.75
"ENSG00000245910","SNHG6","lncRNA",918.625
"ENSG00000010322","NISCH","protein_coding",925.625
"ENSG00000168280","KIF5C","protein_coding",927
"ENSG00000114391","RPL24","protein_coding",927.5
"ENSG00000172115","CYCS","protein_coding",931.25
"ENSG00000178233","TMEM151B","protein_coding",931.5
"ENSG00000100316","RPL3","protein_coding",934.75
"ENSG00000166848","TERF2IP","protein_coding",935.5
"ENSG00000132475","H3F3B","protein_coding",935.625
"ENSG00000172247","C1QTNF4","protein_coding",936
"ENSG00000159842","ABR","protein_coding",936.875
"ENSG00000181061","HIGD1A","protein_coding",942.875
"ENSG00000151729","SLC25A4","protein_coding",943.75
"ENSG00000182636","NDN","protein_coding",944.375
"ENSG00000178741","COX5A","protein_coding",945.5
"ENSG00000068903","SIRT2","protein_coding",949.25
"ENSG00000136238","RAC1","protein_coding",956.25
"ENSG00000054523","KIF1B","protein_coding",956.875
"ENSG00000131174","COX7B","protein_coding",958.25
"ENSG00000022267","FHL1","protein_coding",959.5
"ENSG00000108654","DDX5","protein_coding",962.75
"ENSG00000122406","RPL5","protein_coding",965.125
"ENSG00000128524","ATP6V1F","protein_coding",966
"ENSG00000140264","SERF2","protein_coding",967.25
"ENSG00000176903","PNMA1","protein_coding",967.375
"ENSG00000182809","CRIP2","protein_coding",970
"ENSG00000008710","PKD1","protein_coding",971.625
"ENSG00000116857","TMEM9","protein_coding",971.75
"ENSG00000180828","BHLHE22","protein_coding",974.375
"ENSG00000077549","CAPZB","protein_coding",974.625
"ENSG00000197728","RPS26","protein_coding",974.875
"ENSG00000150459","SAP18","protein_coding",982.875
"ENSG00000109654","TRIM2","protein_coding",986.75
"ENSG00000031698","SARS","protein_coding",988.125
"ENSG00000126432","PRDX5","protein_coding",988.25
"ENSG00000171033","PKIA","protein_coding",993.125
"ENSG00000103769","RAB11A","protein_coding",994.375
"ENSG00000132341","RAN","protein_coding",997
"ENSG00000171368","TPPP","protein_coding",1000.625
"ENSG00000152102","FAM168B","protein_coding",1001.5
"ENSG00000250479","CHCHD10","protein_coding",1002.125
"ENSG00000104695","PPP2CB","protein_coding",1003.375
"ENSG00000112697","TMEM30A","protein_coding",1004.5
"ENSG00000164733","CTSB","protein_coding",1005.5
"ENSG00000018625","ATP1A2","protein_coding",1009
"ENSG00000160007","ARHGAP35","protein_coding",1017.375
"ENSG00000089737","DDX24","protein_coding",1017.75
"ENSG00000132535","DLG4","protein_coding",1018.125
"ENSG00000135940","COX5B","protein_coding",1018.375
"ENSG00000063177","RPL18","protein_coding",1020.5
"ENSG00000140391","TSPAN3","protein_coding",1025.625
"ENSG00000023734","STRAP","protein_coding",1026
"ENSG00000154654","NCAM2","protein_coding",1030.875
"ENSG00000166974","MAPRE2","protein_coding",1033.875
"ENSG00000159199","ATP5MC1","protein_coding",1035.125
"ENSG00000125971","DYNLRB1","protein_coding",1036.25
"ENSG00000158864","NDUFS2","protein_coding",1038.375
"ENSG00000162244","RPL29","protein_coding",1042.75
"ENSG00000147604","RPL7","protein_coding",1044.625
"ENSG00000172915","NBEA","protein_coding",1046.375
"ENSG00000173812","EIF1","protein_coding",1046.875
"ENSG00000008988","RPS20","protein_coding",1047.125
"ENSG00000135439","AGAP2","protein_coding",1051.875
"ENSG00000116251","RPL22","protein_coding",1052.25
"ENSG00000106153","CHCHD2","protein_coding",1054.25
"ENSG00000241837","ATP5PO","protein_coding",1055
"ENSG00000131018","SYNE1","protein_coding",1055.125
"ENSG00000057757","PITHD1","protein_coding",1057.25
"ENSG00000112096","SOD2","protein_coding",1057.5
"ENSG00000141522","ARHGDIA","protein_coding",1061.5
"ENSG00000143774","GUK1","protein_coding",1061.875
"ENSG00000169021","UQCRFS1","protein_coding",1066.25
"ENSG00000136942","RPL35","protein_coding",1066.375
"ENSG00000150753","CCT5","protein_coding",1071.5
"ENSG00000264364","DYNLL2","protein_coding",1071.75
"ENSG00000090266","NDUFB2","protein_coding",1078.625
"ENSG00000243449","C4orf48","protein_coding",1083.75
"ENSG00000132718","SYT11","protein_coding",1085.625
"ENSG00000117450","PRDX1","protein_coding",1092.125
"ENSG00000163466","ARPC2","protein_coding",1094.875
"ENSG00000121413","ZSCAN18","protein_coding",1094.875
"ENSG00000166136","NDUFB8","protein_coding",1096.625
"ENSG00000100097","LGALS1","protein_coding",1097
"ENSG00000010256","UQCRC1","protein_coding",1097.375
"ENSG00000067840","PDZD4","protein_coding",1097.375
"ENSG00000077264","PAK3","protein_coding",1097.875
"ENSG00000170906","NDUFA3","protein_coding",1099.75
"ENSG00000175161","CADM2","protein_coding",1103.5
"ENSG00000103260","METRN","protein_coding",1105.125
"ENSG00000130522","JUND","protein_coding",1106.25
"ENSG00000171863","RPS7","protein_coding",1107.625
"ENSG00000149273","RPS3","protein_coding",1108
"ENSG00000158828","PINK1","protein_coding",1111.75
"ENSG00000137285","TUBB2B","protein_coding",1113.5
"ENSG00000167283","ATP5MG","protein_coding",1115.25
"ENSG00000071082","RPL31","protein_coding",1117.75
"ENSG00000111716","LDHB","protein_coding",1118.625
"ENSG00000089009","RPL6","protein_coding",1120
"ENSG00000263001","GTF2I","protein_coding",1121.125
"ENSG00000182899","RPL35A","protein_coding",1121.375
"ENSG00000138443","ABI2","protein_coding",1121.75
"ENSG00000004779","NDUFAB1","protein_coding",1122.375
"ENSG00000047849","MAP4","protein_coding",1124.75
"ENSG00000130255","RPL36","protein_coding",1125
"ENSG00000132670","PTPRA","protein_coding",1130.375
"ENSG00000100412","ACO2","protein_coding",1141
"ENSG00000198034","RPS4X","protein_coding",1141.75
"ENSG00000197956","S100A6","protein_coding",1145.5
"ENSG00000173258","ZNF483","protein_coding",1145.5
"ENSG00000196683","TOMM7","protein_coding",1147.375
"ENSG00000149294","NCAM1","protein_coding",1149
"ENSG00000112335","SNX3","protein_coding",1149.75
"ENSG00000151366","NDUFC2","protein_coding",1152.125
"ENSG00000156467","UQCRB","protein_coding",1156.875
"ENSG00000177700","POLR2L","protein_coding",1160.625
"ENSG00000133030","MPRIP","protein_coding",1162
"ENSG00000148303","RPL7A","protein_coding",1166.625
"ENSG00000234745","HLA-B","protein_coding",1168.375
"ENSG00000119801","YPEL5","protein_coding",1173.125
"ENSG00000122566","HNRNPA2B1","protein_coding",1174.5
"ENSG00000143420","ENSA","protein_coding",1175.5
"ENSG00000103363","ELOB","protein_coding",1175.625
"ENSG00000140403","DNAJA4","protein_coding",1177.25
"ENSG00000140740","UQCRC2","protein_coding",1180.5
"ENSG00000161960","EIF4A1","protein_coding",1180.625
"ENSG00000142534","RPS11","protein_coding",1188.25
"ENSG00000148700","ADD3","protein_coding",1189.25
"ENSG00000099622","CIRBP","protein_coding",1192
"ENSG00000168028","RPSA","protein_coding",1199.875
"ENSG00000110321","EIF4G2","protein_coding",1199.875
"ENSG00000175166","PSMD2","protein_coding",1202
"ENSG00000130723","PRRC2B","protein_coding",1205.5
"ENSG00000174886","NDUFA11","protein_coding",1210.625
"ENSG00000126267","COX6B1","protein_coding",1213.75
"ENSG00000181029","TRAPPC5","protein_coding",1215.625
"ENSG00000107223","EDF1","protein_coding",1215.875
"ENSG00000131469","RPL27","protein_coding",1223
"ENSG00000143878","RHOB","protein_coding",1224.75
"ENSG00000100138","SNU13","protein_coding",1225.125
"ENSG00000116288","PARK7","protein_coding",1227.75
"ENSG00000116871","MAP7D1","protein_coding",1228.625
"ENSG00000180817","PPA1","protein_coding",1233.125
"ENSG00000176340","COX8A","protein_coding",1235
"ENSG00000165280","VCP","protein_coding",1235.75
"ENSG00000140319","SRP14","protein_coding",1237.125
"ENSG00000116161","CACYBP","protein_coding",1238
"ENSG00000176171","BNIP3","protein_coding",1238
"ENSG00000159692","CTBP1","protein_coding",1238.75
"ENSG00000092051","JPH4","protein_coding",1243
"ENSG00000117592","PRDX6","protein_coding",1244.875
"ENSG00000018189","RUFY3","protein_coding",1248.25
"ENSG00000105404","RABAC1","protein_coding",1248.75
"ENSG00000161016","RPL8","protein_coding",1251
"ENSG00000154723","ATP5PF","protein_coding",1254.5
"ENSG00000143198","MGST3","protein_coding",1255.125
"ENSG00000196531","NACA","protein_coding",1259
"ENSG00000110958","PTGES3","protein_coding",1262.875
"ENSG00000125356","NDUFA1","protein_coding",1263.25
"ENSG00000075415","SLC25A3","protein_coding",1267
"ENSG00000168309","FAM107A","protein_coding",1267.375
"ENSG00000105993","DNAJB6","protein_coding",1270.5
"ENSG00000086061","DNAJA1","protein_coding",1274.125
"ENSG00000145495","MARCH6","protein_coding",1276.375
"ENSG00000213639","PPP1CB","protein_coding",1278.75
"ENSG00000167468","GPX4","protein_coding",1279.75
"ENSG00000232112","TMA7","protein_coding",1280.5
"ENSG00000144746","ARL6IP5","protein_coding",1287.625
"ENSG00000100201","DDX17","protein_coding",1287.875
"ENSG00000071127","WDR1","protein_coding",1290.625
"ENSG00000130748","TMEM160","protein_coding",1297.125
"ENSG00000198755","RPL10A","protein_coding",1298.125
"ENSG00000144369","FAM171B","protein_coding",1298.5
"ENSG00000159377","PSMB4","protein_coding",1301.25
"ENSG00000174748","RPL15","protein_coding",1301.5
"ENSG00000167614","TTYH1","protein_coding",1301.875
"ENSG00000211450","SELENOH","protein_coding",1308.625
"ENSG00000104960","PTOV1","protein_coding",1308.75
"ENSG00000276293","PIP4K2B","protein_coding",1309.25
"ENSG00000185565","LSAMP","protein_coding",1315
"ENSG00000166033","HTRA1","protein_coding",1316.125
"ENSG00000044574","HSPA5","protein_coding",1322.375
"ENSG00000182774","RPS17","protein_coding",1325.125
"ENSG00000083845","RPS5","protein_coding",1325.5
"ENSG00000156052","GNAQ","protein_coding",1339.875
"ENSG00000101558","VAPA","protein_coding",1341.125
"ENSG00000111229","ARPC3","protein_coding",1346.125
"ENSG00000065518","NDUFB4","protein_coding",1351.875
"ENSG00000109956","B3GAT1","protein_coding",1352.75
"ENSG00000130725","UBE2M","protein_coding",1355.375
"ENSG00000136002","ARHGEF4","protein_coding",1359.125
"ENSG00000125648","SLC25A23","protein_coding",1361.625
"ENSG00000034713","GABARAPL2","protein_coding",1363.875
"ENSG00000124614","RPS10","protein_coding",1367.625
"ENSG00000185818","NAT8L","protein_coding",1368.125
"ENSG00000117519","CNN3","protein_coding",1368.75
"ENSG00000185046","ANKS1B","protein_coding",1374.875
"ENSG00000136810","TXN","protein_coding",1375.625
"ENSG00000163539","CLASP2","protein_coding",1376.5
"ENSG00000122545","SEPTIN7","protein_coding",1385.25
"ENSG00000114942","EEF1B2","protein_coding",1386.625
"ENSG00000085063","CD59","protein_coding",1389.25
"ENSG00000147684","NDUFB9","protein_coding",1389.75
"ENSG00000188612","SUMO2","protein_coding",1392.625
"ENSG00000186010","NDUFA13","protein_coding",1397.625
"ENSG00000070831","CDC42","protein_coding",1399.875
"ENSG00000166598","HSP90B1","protein_coding",1401.75
"ENSG00000221983","UBA52","protein_coding",1401.875
"ENSG00000069275","NUCKS1","protein_coding",1403.625
"ENSG00000113013","HSPA9","protein_coding",1413.125
"ENSG00000214253","FIS1","protein_coding",1417.875
"ENSG00000152082","MZT2B","protein_coding",1418.75
"ENSG00000196628","TCF4","protein_coding",1419.75
"ENSG00000134769","DTNA","protein_coding",1425.25
"ENSG00000124767","GLO1","protein_coding",1428.625
"ENSG00000123349","PFDN5","protein_coding",1431.625
"ENSG00000140988","RPS2","protein_coding",1439.625
"ENSG00000106682","EIF4H","protein_coding",1441.5
"ENSG00000132507","EIF5A","protein_coding",1442.625
"ENSG00000165119","HNRNPK","protein_coding",1443
"ENSG00000128272","ATF4","protein_coding",1443.375
"ENSG00000105254","TBCB","protein_coding",1447.125
"ENSG00000168036","CTNNB1","protein_coding",1450.125
"ENSG00000139644","TMBIM6","protein_coding",1455
"ENSG00000100664","EIF5","protein_coding",1459.375
"ENSG00000277443","MARCKS","protein_coding",1462.375
"ENSG00000085662","AKR1B1","protein_coding",1468.5
"ENSG00000127022","CANX","protein_coding",1476.875
"ENSG00000166441","RPL27A","protein_coding",1477.375
"ENSG00000115306","SPTBN1","protein_coding",1478
"ENSG00000243678","NME2","protein_coding",1478.75
"ENSG00000135404","CD63","protein_coding",1481.375
"ENSG00000179010","MRFAP1","protein_coding",1485.125
"ENSG00000092199","HNRNPC","protein_coding",1486.625
"ENSG00000089157","RPLP0","protein_coding",1492.75
"ENSG00000204681","GABBR1","protein_coding",1493.875
"ENSG00000125743","SNRPD2","protein_coding",1495.625
"ENSG00000188846","RPL14","protein_coding",1497
"ENSG00000121653","MAPK8IP1","protein_coding",1502.125
"ENSG00000129244","ATP1B2","protein_coding",1503.75
"ENSG00000172301","COPRS","protein_coding",1509.125
"ENSG00000092841","MYL6","protein_coding",1514.75
"ENSG00000255302","EID1","protein_coding",1515.875
"ENSG00000109332","UBE2D3","protein_coding",1519
"ENSG00000166562","SEC11C","protein_coding",1519.625
"ENSG00000135486","HNRNPA1","protein_coding",1523.25
"ENSG00000204628","RACK1","protein_coding",1524.625
"ENSG00000075785","RAB7A","protein_coding",1528.875
"ENSG00000164929","BAALC","protein_coding",1532.125
"ENSG00000152795","HNRNPDL","protein_coding",1537.625
"ENSG00000104112","SCG3","protein_coding",1539.875
"ENSG00000105518","TMEM205","protein_coding",1541.25
"ENSG00000266964","FXYD1","protein_coding",1542.875
"ENSG00000163041","H3F3A","protein_coding",1543
"ENSG00000120438","TCP1","protein_coding",1545.625
"ENSG00000197982","C1orf122","protein_coding",1554.25
"ENSG00000132692","BCAN","protein_coding",1576.25
"ENSG00000144381","HSPD1","protein_coding",1576.875
"ENSG00000170296","GABARAP","protein_coding",1581.625
"ENSG00000067560","RHOA","protein_coding",1590.5
"ENSG00000153904","DDAH1","protein_coding",1604.5
"ENSG00000167658","EEF2","protein_coding",1606.375
"ENSG00000143549","TPM3","protein_coding",1613.625
"ENSG00000169862","CTNND2","protein_coding",1619
"ENSG00000106278","PTPRZ1","protein_coding",1620.375
"ENSG00000169100","SLC25A6","protein_coding",1625.625
"ENSG00000153187","HNRNPU","protein_coding",1638.125
"ENSG00000174917","MICOS13","protein_coding",1639.125
"ENSG00000173272","MZT2A","protein_coding",1649.375
"ENSG00000009307","CSDE1","protein_coding",1656.875
"ENSG00000183741","CBX6","protein_coding",1660.125
"ENSG00000131495","NDUFA2","protein_coding",1661
"ENSG00000108518","PFN1","protein_coding",1669.75
"ENSG00000178952","TUFM","protein_coding",1671.75
"ENSG00000171530","TBCA","protein_coding",1681.125
"ENSG00000115541","HSPE1","protein_coding",1687.5
"ENSG00000125691","RPL23","protein_coding",1699.875
"ENSG00000116209","TMEM59","protein_coding",1705
"ENSG00000143742","SRP9","protein_coding",1708.375
"ENSG00000197111","PCBP2","protein_coding",1725.875
"ENSG00000230989","HSBP1","protein_coding",1729.75
"ENSG00000187109","NAP1L1","protein_coding",1738.875
"ENSG00000075142","SRI","protein_coding",1741.125
"ENSG00000112081","SRSF3","protein_coding",1767.25
"ENSG00000133142","TCEAL4","protein_coding",1773.875
"ENSG00000179218","CALR","protein_coding",1777.5
"ENSG00000120727","PAIP2","protein_coding",1789.375
"ENSG00000205336","ADGRG1","protein_coding",1797
"ENSG00000169564","PCBP1","protein_coding",1806.25
"ENSG00000170144","HNRNPA3","protein_coding",1806.5
"ENSG00000148672","GLUD1","protein_coding",1808.625
"ENSG00000145494","NDUFS6","protein_coding",1814.625
"ENSG00000099864","PALM","protein_coding",1821.125
"ENSG00000168913","ENHO","protein_coding",1834.5
"ENSG00000087274","ADD1","protein_coding",1835.125
"ENSG00000254772","EEF1G","protein_coding",1865.375
"ENSG00000151914","DST","protein_coding",1882
"ENSG00000099795","NDUFB7","protein_coding",1884.75
"ENSG00000160408","ST6GALNAC6","protein_coding",1889
"ENSG00000189403","HMGB1","protein_coding",1902
"ENSG00000188243","COMMD6","protein_coding",1921.75
"ENSG00000125995","ROMO1","protein_coding",1923
"ENSG00000175061","SNHG29","lncRNA",1958.25
"ENSG00000100380","ST13","protein_coding",1962.625
"ENSG00000164096","C4orf3","protein_coding",1997.625
